Passenger_Id,pclass,sex,age,sibsp,parch,fare,survived,survived.0,survived.1,survived.predicted(th=0.40031)
648,3rd,female,22.0,0,0,7.75,1,0.39776134,0.60223865,1
391,3rd,male,16.0,1,3,34.375,0,0.8741941,0.1258059,0
351,1st,female,49.0,1,0,76.7292,1,0.14086121,0.8591388,1
1163,3rd,female,24.0,0,0,7.75,0,0.39776134,0.60223865,1
105,3rd,female,18.0,0,0,9.8417,1,0.39776134,0.60223865,1
516,1st,female,22.0,0,0,151.55,1,0.13200384,0.86799616,1
693,3rd,male,22.0,0,0,7.7958,0,0.88373595,0.11626406,0
585,2nd,female,4.0,1,1,23.0,1,0.13263893,0.86736107,1
173,3rd,male,,0,0,8.05,0,0.88373595,0.11626406,0
120,1st,male,34.0,0,0,26.55,1,0.63639235,0.36360767,0
1178,3rd,male,27.0,0,0,8.6625,0,0.88373595,0.11626406,0
1145,3rd,male,20.0,0,0,7.2292,1,0.88373595,0.11626406,0
74,3rd,male,,0,0,8.05,0,0.88373595,0.11626406,0
755,3rd,male,8.0,4,1,29.125,0,0.93054306,0.069456965,0
1088,1st,male,24.0,1,0,60.0,0,0.65360886,0.34639114,0
1299,1st,male,36.0,0,0,40.125,0,0.63639235,0.36360767,0
760,2nd,male,28.0,0,0,10.5,0,0.80440944,0.19559056,0
825,3rd,male,34.5,0,0,7.8292,0,0.88373595,0.11626406,0
223,3rd,male,,0,0,8.05,0,0.88373595,0.11626406,0
1160,2nd,female,8.0,1,1,26.0,1,0.13263893,0.86736107,1
797,3rd,male,19.0,0,0,7.775,0,0.88373595,0.11626406,0
166,1st,female,22.0,1,0,66.6,1,0.14086121,0.8591388,1
420,3rd,male,48.0,0,0,7.8542,0,0.88373595,0.11626406,0
924,3rd,male,27.0,0,0,7.7958,1,0.88373595,0.11626406,0
1243,2nd,female,36.0,0,0,13.0,1,0.26327592,0.7367241,1
346,3rd,male,19.0,0,0,7.8958,0,0.88373595,0.11626406,0
1016,3rd,male,,0,0,7.75,0,0.88373595,0.11626406,0
1030,1st,male,,0,0,221.7792,0,0.63639235,0.36360767,0
240,3rd,male,,0,0,7.2292,0,0.88373595,0.11626406,0
1041,3rd,female,21.0,0,0,7.75,0,0.39776134,0.60223865,1
880,3rd,female,45.0,0,0,7.75,0,0.39776134,0.60223865,1
977,2nd,male,2.0,1,1,26.0,1,0.6376713,0.3623287,0
24,3rd,male,20.0,0,0,7.925,1,0.88373595,0.11626406,0
308,3rd,male,70.5,0,0,7.75,0,0.88373595,0.11626406,0
1296,1st,male,37.0,1,1,52.5542,1,0.42823052,0.5717695,1
902,3rd,male,26.0,2,0,8.6625,0,0.9104105,0.08958948,0
707,2nd,female,57.0,0,0,10.5,0,0.26327592,0.7367241,1
272,3rd,male,33.0,0,0,9.5,0,0.88373595,0.11626406,0
994,2nd,male,34.0,0,0,13.0,0,0.80440944,0.19559056,0
668,1st,male,28.0,0,0,26.55,1,0.63639235,0.36360767,0
753,3rd,male,50.0,1,0,14.5,0,0.8912424,0.108757585,0
544,3rd,male,,0,0,6.4375,0,0.88373595,0.11626406,0
123,1st,female,39.0,0,0,108.9,1,0.13200384,0.86799616,1
1236,3rd,male,28.0,0,0,7.8958,0,0.88373595,0.11626406,0
852,3rd,female,,0,0,7.75,0,0.39776134,0.60223865,1
185,2nd,male,35.0,0,0,26.0,0,0.80440944,0.19559056,0
959,3rd,male,23.0,1,0,13.9,0,0.8912424,0.108757585,0
372,3rd,male,16.0,0,0,8.05,0,0.88373595,0.11626406,0
1115,3rd,male,34.0,0,0,8.05,0,0.88373595,0.11626406,0
31,2nd,male,28.0,0,0,26.0,0,0.80440944,0.19559056,0
369,3rd,female,39.0,0,5,29.125,0,0.70850706,0.29149294,0
698,2nd,male,18.0,0,0,13.0,0,0.80440944,0.19559056,0
291,1st,male,57.0,1,0,146.5208,0,0.65360886,0.34639114,0
975,1st,male,30.0,1,2,151.55,0,0.5475048,0.45249525,1
949,1st,female,50.0,1,1,211.5,1,0.061101556,0.93889844,1
1292,3rd,male,44.0,0,1,16.1,0,0.7510611,0.24893889,0
489,1st,male,,0,0,30.0,1,0.63639235,0.36360767,0
428,1st,male,18.0,1,0,108.9,0,0.65360886,0.34639114,0
601,1st,female,42.0,0,0,227.525,1,0.13200384,0.86799616,1
1225,3rd,female,22.0,0,0,8.9625,1,0.39776134,0.60223865,1
158,3rd,female,,0,0,8.1375,0,0.39776134,0.60223865,1
670,2nd,female,30.0,0,0,13.0,1,0.26327592,0.7367241,1
559,2nd,female,18.0,0,1,23.0,1,0.12422383,0.8757762,1
34,2nd,male,62.0,0,0,10.5,1,0.80440944,0.19559056,0
1017,3rd,female,10.0,0,2,24.15,0,0.29751736,0.70248264,1
464,3rd,female,17.0,0,1,16.1,1,0.20770478,0.7922952,1
799,3rd,male,21.0,0,0,7.75,0,0.88373595,0.11626406,0
728,3rd,male,26.0,1,0,14.4542,0,0.8912424,0.108757585,0
232,3rd,male,,0,0,7.8875,1,0.88373595,0.11626406,0
138,3rd,female,31.0,0,0,7.8542,0,0.39776134,0.60223865,1
695,3rd,female,18.0,0,0,7.775,1,0.39776134,0.60223865,1
58,3rd,female,5.0,0,0,12.475,1,0.39776134,0.60223865,1
1022,3rd,male,18.0,0,0,8.3,0,0.88373595,0.11626406,0
918,3rd,male,22.0,1,0,7.25,0,0.8912424,0.108757585,0
242,3rd,male,22.0,0,0,7.8958,0,0.88373595,0.11626406,0
730,3rd,male,,0,0,7.225,0,0.88373595,0.11626406,0
5,3rd,male,20.0,1,0,7.925,1,0.8912424,0.108757585,0
1073,3rd,male,3.0,4,2,31.3875,1,0.9558382,0.044161778,0
1208,1st,female,30.0,0,0,164.8667,1,0.13200384,0.86799616,1
1210,1st,female,22.0,0,1,61.9792,1,0.056927144,0.94307285,1
916,2nd,female,26.0,1,1,26.0,0,0.13263893,0.86736107,1
897,2nd,male,19.0,0,0,13.0,0,0.80440944,0.19559056,0
100,3rd,female,,0,0,8.05,0,0.39776134,0.60223865,1
479,2nd,male,48.0,0,0,13.0,0,0.80440944,0.19559056,0
868,3rd,male,21.0,0,0,7.8542,0,0.88373595,0.11626406,0
1035,3rd,female,,0,0,7.7375,1,0.39776134,0.60223865,1
837,3rd,male,,0,0,7.75,1,0.88373595,0.11626406,0
1119,2nd,male,66.0,0,0,10.5,0,0.80440944,0.19559056,0
307,1st,female,39.0,1,1,83.1583,1,0.061101556,0.93889844,1
586,2nd,female,29.0,0,2,23.0,1,0.18643284,0.81356716,1
1006,1st,male,33.0,0,0,26.55,0,0.63639235,0.36360767,0
60,1st,female,37.0,1,0,90.0,1,0.14086121,0.8591388,1
1153,3rd,male,,1,0,24.15,0,0.8912424,0.108757585,0
141,1st,female,58.0,0,1,512.3292,1,0.056927144,0.94307285,1
1024,3rd,male,17.0,2,0,8.05,0,0.9104105,0.08958948,0
215,3rd,male,,0,0,7.75,0,0.88373595,0.11626406,0
1168,1st,male,48.0,1,0,76.7292,1,0.65360886,0.34639114,0
50,3rd,male,16.0,0,0,9.5,0,0.88373595,0.11626406,0
832,1st,female,,1,0,52.0,1,0.14086121,0.8591388,1
906,3rd,male,26.0,1,2,20.575,0,0.84012365,0.15987635,0
560,1st,male,,0,0,51.8625,0,0.63639235,0.36360767,0
1267,2nd,female,36.0,0,3,39.0,1,0.23255432,0.7674457,1
1193,3rd,female,18.0,0,0,8.05,1,0.39776134,0.60223865,1
717,2nd,male,,0,0,10.7083,0,0.80440944,0.19559056,0
590,2nd,female,41.0,0,1,19.5,1,0.12422383,0.8757762,1
18,3rd,male,40.0,1,1,15.5,0,0.7648544,0.23514563,0
527,3rd,male,20.0,0,0,7.225,0,0.88373595,0.11626406,0
402,3rd,male,16.0,0,0,9.2167,0,0.88373595,0.11626406,0
230,3rd,female,21.0,2,2,34.375,0,0.3615173,0.6384827,1
886,1st,male,64.0,1,0,75.25,0,0.65360886,0.34639114,0
42,3rd,female,21.0,1,0,9.825,0,0.41590643,0.5840936,1
796,3rd,female,4.0,1,1,16.7,1,0.22035217,0.7796478,1
1014,3rd,male,28.0,1,0,15.85,0,0.8912424,0.108757585,0
551,3rd,male,26.0,1,0,7.8542,0,0.8912424,0.108757585,0
1089,3rd,male,27.0,0,0,7.8958,0,0.88373595,0.11626406,0
486,1st,female,59.0,2,0,51.4792,1,0.16896325,0.83103675,1
387,3rd,male,,0,0,7.8958,0,0.88373595,0.11626406,0
594,3rd,male,,0,0,7.2292,0,0.88373595,0.11626406,0
472,1st,male,32.0,0,0,30.5,1,0.63639235,0.36360767,0
929,2nd,female,22.0,0,0,21.0,0,0.26327592,0.7367241,1
436,3rd,male,24.5,0,0,8.05,0,0.88373595,0.11626406,0
476,1st,male,38.0,0,0,0.0,0,0.63639235,0.36360767,0
1098,3rd,male,16.0,0,0,8.05,1,0.88373595,0.11626406,0
458,1st,male,,0,0,0.0,0,0.63639235,0.36360767,0
941,1st,male,23.0,0,1,63.3583,1,0.4099251,0.5900749,1
1212,2nd,female,15.0,0,2,39.0,1,0.18643284,0.81356716,1
503,3rd,male,51.0,0,0,7.0542,0,0.88373595,0.11626406,0
631,1st,male,25.0,1,0,91.0792,1,0.65360886,0.34639114,0
616,1st,female,,1,0,146.5208,1,0.14086121,0.8591388,1
1143,2nd,female,32.0,0,0,13.0,1,0.26327592,0.7367241,1
732,1st,male,53.0,1,1,81.8583,1,0.42823052,0.5717695,1
997,2nd,male,32.0,0,0,13.5,0,0.80440944,0.19559056,0
866,2nd,female,31.0,0,0,21.0,1,0.26327592,0.7367241,1
455,3rd,female,22.0,0,0,7.775,1,0.39776134,0.60223865,1
51,2nd,male,40.0,0,0,13.0,0,0.80440944,0.19559056,0
776,3rd,female,19.0,1,0,16.1,0,0.41590643,0.5840936,1
431,3rd,male,25.0,0,0,7.7958,1,0.88373595,0.11626406,0
1228,3rd,female,,8,2,69.55,0,0.89586353,0.10413644,0
1144,3rd,male,,2,0,21.6792,0,0.9104105,0.08958948,0
165,3rd,female,45.0,1,0,14.1083,1,0.41590643,0.5840936,1
919,2nd,male,29.0,0,0,13.8583,1,0.80440944,0.19559056,0
827,2nd,female,20.0,1,0,26.0,1,0.2781192,0.7218808,1
1213,3rd,female,36.0,0,2,15.9,1,0.29751736,0.70248264,1
367,3rd,female,,2,0,23.25,1,0.4689306,0.5310694,1
23,1st,male,48.0,0,0,26.55,1,0.63639235,0.36360767,0
85,3rd,female,9.0,1,1,15.2458,1,0.22035217,0.7796478,1
595,1st,male,,0,0,39.6,0,0.63639235,0.36360767,0
225,3rd,female,4.0,0,2,22.025,1,0.29751736,0.70248264,1
208,2nd,female,3.0,1,2,41.5792,1,0.19810879,0.8018912,1
483,3rd,male,,0,0,7.75,0,0.88373595,0.11626406,0
1142,3rd,male,,0,0,8.05,0,0.88373595,0.11626406,0
787,3rd,male,25.0,0,0,7.2292,1,0.88373595,0.11626406,0
1174,3rd,female,,1,0,14.4583,0,0.41590643,0.5840936,1
1309,3rd,female,41.0,0,2,20.2125,0,0.29751736,0.70248264,1
1081,1st,male,67.0,1,0,221.7792,0,0.65360886,0.34639114,0
404,2nd,male,42.0,0,0,13.0,1,0.80440944,0.19559056,0
310,3rd,male,36.0,1,1,24.15,0,0.7648544,0.23514563,0
482,2nd,male,49.0,1,2,65.0,0,0.7398019,0.26019812,0
801,2nd,female,28.0,0,0,13.0,1,0.26327592,0.7367241,1
1099,3rd,male,,0,0,7.7292,0,0.88373595,0.11626406,0
782,1st,male,13.0,2,2,262.375,1,0.60006994,0.39993006,0
181,1st,female,24.0,0,0,69.3,1,0.13200384,0.86799616,1
673,1st,male,36.0,0,0,26.3875,1,0.63639235,0.36360767,0
1131,3rd,female,,0,0,7.75,0,0.39776134,0.60223865,1
116,3rd,male,24.0,0,0,8.05,0,0.88373595,0.11626406,0
803,1st,male,,0,0,26.55,1,0.63639235,0.36360767,0
1197,3rd,female,,0,0,8.05,1,0.39776134,0.60223865,1
845,3rd,female,16.0,0,0,7.65,1,0.39776134,0.60223865,1
429,2nd,male,29.0,1,0,21.0,0,0.815971,0.18402895,0
413,3rd,female,18.0,0,0,7.775,0,0.39776134,0.60223865,1
224,3rd,female,4.0,0,1,13.4167,1,0.20770478,0.7922952,1
557,3rd,female,9.0,3,2,27.9,0,0.5995004,0.40049958,1
1221,3rd,male,30.0,0,0,7.225,0,0.88373595,0.11626406,0
1272,2nd,female,,0,0,12.35,1,0.26327592,0.7367241,1
839,3rd,male,,0,0,7.575,0,0.88373595,0.11626406,0
687,3rd,male,,0,0,7.8958,0,0.88373595,0.11626406,0
480,1st,male,28.0,0,0,47.1,0,0.63639235,0.36360767,0
121,1st,male,40.0,0,0,31.0,1,0.63639235,0.36360767,0
518,3rd,female,,0,2,15.2458,0,0.29751736,0.70248264,1
1023,3rd,female,,0,0,7.8792,1,0.39776134,0.60223865,1
190,2nd,male,42.0,1,0,27.0,0,0.815971,0.18402895,0
67,3rd,male,33.0,0,0,8.05,0,0.88373595,0.11626406,0
460,3rd,male,,0,0,7.775,0,0.88373595,0.11626406,0
365,2nd,male,29.0,0,0,10.5,0,0.80440944,0.19559056,0
373,1st,male,49.0,0,0,0.0,1,0.63639235,0.36360767,0
1158,2nd,male,3.0,1,1,26.0,1,0.6376713,0.3623287,0
1135,3rd,male,22.0,0,0,7.775,0,0.88373595,0.11626406,0
847,3rd,female,,0,0,7.75,1,0.39776134,0.60223865,1
872,2nd,male,25.0,0,0,10.5,0,0.80440944,0.19559056,0
777,3rd,male,26.0,0,0,7.775,0,0.88373595,0.11626406,0
414,1st,female,36.0,0,0,262.375,1,0.13200384,0.86799616,1
339,3rd,male,,0,0,7.2292,1,0.88373595,0.11626406,0
1130,3rd,male,43.0,0,0,8.05,0,0.88373595,0.11626406,0
393,1st,female,28.0,3,2,263.0,1,0.25632256,0.74367744,1
1136,3rd,male,,0,0,7.75,0,0.88373595,0.11626406,0
1046,3rd,male,9.0,1,1,15.9,1,0.7648544,0.23514563,0
499,1st,female,19.0,1,0,91.0792,1,0.14086121,0.8591388,1
570,2nd,female,24.0,1,2,65.0,1,0.19810879,0.8018912,1
358,1st,female,33.0,0,0,86.5,1,0.13200384,0.86799616,1
533,3rd,male,32.0,0,0,7.925,0,0.88373595,0.11626406,0
474,3rd,male,32.0,0,0,56.4958,1,0.88373595,0.11626406,0
186,1st,female,63.0,1,0,221.7792,0,0.14086121,0.8591388,1
216,3rd,male,,0,0,7.75,1,0.88373595,0.11626406,0
747,2nd,female,34.0,0,0,13.0,1,0.26327592,0.7367241,1
1148,3rd,male,,0,0,8.05,0,0.88373595,0.11626406,0
184,3rd,male,24.0,1,0,16.1,0,0.8912424,0.108757585,0
630,2nd,male,25.0,0,0,13.0,0,0.80440944,0.19559056,0
877,2nd,male,29.0,1,0,27.7208,0,0.815971,0.18402895,0
1165,3rd,male,,0,0,8.05,0,0.88373595,0.11626406,0
316,3rd,male,38.0,0,0,7.8958,0,0.88373595,0.11626406,0
633,1st,female,55.0,0,0,135.6333,1,0.13200384,0.86799616,1
1032,2nd,female,19.0,0,0,26.0,1,0.26327592,0.7367241,1
349,3rd,male,45.5,0,0,7.225,0,0.88373595,0.11626406,0
1204,2nd,male,52.0,0,0,13.5,0,0.80440944,0.19559056,0
649,3rd,male,27.0,0,0,7.8542,0,0.88373595,0.11626406,0
1279,1st,male,48.0,0,0,50.4958,0,0.63639235,0.36360767,0
451,2nd,female,40.0,0,0,15.75,1,0.26327592,0.7367241,1
283,2nd,male,36.0,0,0,13.0,0,0.80440944,0.19559056,0
955,3rd,male,20.0,0,0,8.05,0,0.88373595,0.11626406,0
133,2nd,male,1.0,0,2,37.0042,1,0.7250673,0.27493268,0
759,1st,male,56.0,0,0,26.55,0,0.63639235,0.36360767,0
1281,3rd,female,0.75,2,1,19.2583,1,0.25952232,0.7404777,1
169,2nd,male,32.0,0,0,10.5,0,0.80440944,0.19559056,0
965,3rd,male,30.0,0,0,7.25,0,0.88373595,0.11626406,0
163,1st,male,61.0,1,3,262.375,0,0.61538553,0.38461444,0
252,2nd,female,38.0,0,0,13.0,0,0.26327592,0.7367241,1
1219,3rd,male,47.0,0,0,9.0,0,0.88373595,0.11626406,0
528,3rd,male,32.0,0,0,7.75,0,0.88373595,0.11626406,0
153,2nd,female,32.5,0,0,13.0,1,0.26327592,0.7367241,1
144,3rd,male,,0,0,8.6625,0,0.88373595,0.11626406,0
1090,3rd,female,29.0,1,1,10.4625,0,0.22035217,0.7796478,1
1287,1st,male,56.0,0,0,35.5,1,0.63639235,0.36360767,0
774,1st,female,45.0,0,1,63.3583,1,0.056927144,0.94307285,1
540,3rd,male,,0,0,7.725,0,0.88373595,0.11626406,0
46,3rd,male,39.0,0,0,24.15,0,0.88373595,0.11626406,0
448,3rd,male,14.0,0,0,9.225,1,0.88373595,0.11626406,0
1064,3rd,male,9.0,0,2,20.525,1,0.8297629,0.17023712,0
271,3rd,male,20.0,0,0,9.5,0,0.88373595,0.11626406,0
98,2nd,female,19.0,0,0,13.0,1,0.26327592,0.7367241,1
1065,3rd,female,,1,0,16.1,1,0.41590643,0.5840936,1
299,3rd,male,,1,1,15.2458,1,0.7648544,0.23514563,0
903,1st,male,55.0,1,1,93.5,0,0.42823052,0.5717695,1
978,1st,male,31.0,1,0,57.0,1,0.65360886,0.34639114,0
442,2nd,female,29.0,1,0,26.0,0,0.2781192,0.7218808,1
654,3rd,male,59.0,0,0,7.25,0,0.88373595,0.11626406,0
744,3rd,male,24.0,0,0,7.05,0,0.88373595,0.11626406,0
130,3rd,male,22.0,0,0,7.7958,0,0.88373595,0.11626406,0
443,3rd,male,20.0,0,0,9.8458,0,0.88373595,0.11626406,0
306,3rd,female,27.0,0,2,11.1333,1,0.29751736,0.70248264,1
298,1st,male,,0,0,30.6958,0,0.63639235,0.36360767,0
1278,3rd,male,19.0,0,0,0.0,0,0.88373595,0.11626406,0
623,2nd,male,,0,0,0.0,0,0.80440944,0.19559056,0
477,3rd,male,40.0,1,5,31.3875,0,0.9679052,0.032094777,0
626,3rd,female,,0,2,15.2458,1,0.29751736,0.70248264,1
505,3rd,female,16.0,5,2,46.9,0,0.73336184,0.2666382,0
863,3rd,male,25.0,0,0,7.25,0,0.88373595,0.11626406,0
1201,3rd,female,0.75,2,1,19.2583,1,0.25952232,0.7404777,1
876,3rd,male,28.0,0,0,22.525,0,0.88373595,0.11626406,0
1152,2nd,female,24.0,0,0,13.0,0,0.26327592,0.7367241,1
136,3rd,male,,0,0,14.5,0,0.88373595,0.11626406,0
1077,1st,male,36.0,0,0,75.2417,0,0.63639235,0.36360767,0
618,1st,male,24.0,0,1,247.5208,0,0.4099251,0.5900749,1
209,3rd,female,21.0,0,0,7.65,1,0.39776134,0.60223865,1
931,2nd,male,59.0,0,0,13.5,0,0.80440944,0.19559056,0
724,1st,female,19.0,0,2,26.2833,1,0.08885449,0.9111455,1
934,1st,male,,0,0,31.0,0,0.63639235,0.36360767,0
939,3rd,male,,0,0,8.05,0,0.88373595,0.11626406,0
164,3rd,male,30.0,0,0,9.5,1,0.88373595,0.11626406,0
887,3rd,female,28.0,1,1,14.4,0,0.22035217,0.7796478,1
545,3rd,male,32.0,0,0,8.05,0,0.88373595,0.11626406,0
1191,3rd,female,33.0,1,2,20.575,1,0.31346977,0.68653023,1
522,3rd,male,,1,0,19.9667,0,0.8912424,0.108757585,0
4,3rd,male,23.0,0,0,7.8542,0,0.88373595,0.11626406,0
1000,2nd,male,50.0,0,0,13.0,0,0.80440944,0.19559056,0
562,3rd,male,42.0,0,0,7.55,0,0.88373595,0.11626406,0
986,2nd,female,27.0,1,0,13.8583,1,0.2781192,0.7218808,1
995,3rd,male,9.0,4,2,31.3875,0,0.9558382,0.044161778,0
660,1st,male,52.0,0,0,30.5,1,0.63639235,0.36360767,0
567,3rd,female,23.0,0,0,8.05,1,0.39776134,0.60223865,1
1250,3rd,male,4.0,4,1,29.125,0,0.93054306,0.069456965,0
1249,1st,female,40.0,1,1,134.5,1,0.061101556,0.93889844,1
1139,3rd,male,26.0,0,0,7.775,1,0.88373595,0.11626406,0
635,2nd,male,24.0,0,0,10.5,1,0.80440944,0.19559056,0
982,1st,male,47.0,0,0,52.0,0,0.63639235,0.36360767,0
843,3rd,female,22.0,1,0,13.9,1,0.41590643,0.5840936,1
303,3rd,male,17.0,0,0,7.8958,0,0.88373595,0.11626406,0
737,3rd,male,,0,0,7.2292,0,0.88373595,0.11626406,0
288,1st,female,76.0,1,0,78.85,1,0.14086121,0.8591388,1
212,1st,male,4.0,0,2,81.8583,1,0.52881634,0.4711837,1
417,3rd,female,,0,0,8.1125,0,0.39776134,0.60223865,1
936,3rd,female,26.0,0,2,13.775,0,0.29751736,0.70248264,1
1175,3rd,female,,1,2,23.45,0,0.31346977,0.68653023,1
740,3rd,male,,0,0,7.8292,0,0.88373595,0.11626406,0
103,3rd,male,,0,0,7.8958,0,0.88373595,0.11626406,0
452,3rd,female,,0,0,7.225,1,0.39776134,0.60223865,1
746,3rd,male,22.0,0,0,7.25,0,0.88373595,0.11626406,0
336,2nd,male,57.0,0,0,13.0,0,0.80440944,0.19559056,0
1217,3rd,male,,0,0,7.225,0,0.88373595,0.11626406,0
1019,3rd,male,34.5,0,0,6.4375,0,0.88373595,0.11626406,0
449,2nd,female,12.0,0,0,15.75,1,0.26327592,0.7367241,1
706,3rd,male,,0,0,7.8958,0,0.88373595,0.11626406,0
824,3rd,male,,3,1,25.4667,0,0.9142613,0.08573872,0
63,2nd,female,25.0,1,1,30.0,1,0.13263893,0.86736107,1
666,1st,male,50.0,1,0,55.9,0,0.65360886,0.34639114,0
394,3rd,male,,1,2,23.45,0,0.84012365,0.15987635,0
713,2nd,female,8.0,0,2,26.25,1,0.18643284,0.81356716,1
517,3rd,male,32.0,0,0,7.775,1,0.88373595,0.11626406,0
1190,3rd,male,39.0,0,1,13.4167,1,0.7510611,0.24893889,0
1229,3rd,female,18.0,0,0,7.2292,1,0.39776134,0.60223865,1
973,1st,female,35.0,0,0,512.3292,1,0.13200384,0.86799616,1
1285,1st,male,40.0,0,0,0.0,0,0.63639235,0.36360767,0
686,3rd,male,,0,0,7.05,1,0.88373595,0.11626406,0
865,2nd,male,27.0,0,0,13.0,0,0.80440944,0.19559056,0
1082,3rd,male,18.0,1,0,6.4958,0,0.8912424,0.108757585,0
523,3rd,male,24.0,0,0,7.1417,1,0.88373595,0.11626406,0
234,2nd,male,30.0,1,1,26.0,0,0.6376713,0.3623287,0
35,2nd,male,40.0,1,0,26.0,0,0.815971,0.18402895,0
405,3rd,male,24.0,0,0,7.8958,0,0.88373595,0.11626406,0
833,2nd,female,31.0,0,0,21.0,1,0.26327592,0.7367241,1
943,3rd,male,24.0,0,0,9.5,0,0.88373595,0.11626406,0
362,1st,male,,0,0,39.6,1,0.63639235,0.36360767,0
1242,3rd,male,28.0,0,0,7.8542,0,0.88373595,0.11626406,0
807,3rd,female,26.0,0,0,7.925,1,0.39776134,0.60223865,1
28,3rd,male,22.0,0,0,9.35,0,0.88373595,0.11626406,0
97,2nd,male,33.0,0,0,12.275,0,0.80440944,0.19559056,0
1052,3rd,female,37.0,0,0,7.75,0,0.39776134,0.60223865,1
692,2nd,female,19.0,1,0,26.0,1,0.2781192,0.7218808,1
386,1st,male,36.0,0,1,512.3292,1,0.4099251,0.5900749,1
196,2nd,male,21.0,2,0,73.5,0,0.8461149,0.15388516,0
716,3rd,female,45.0,0,1,14.4542,0,0.20770478,0.7922952,1
183,3rd,female,30.0,0,0,8.6625,0,0.39776134,0.60223865,1
884,3rd,female,1.0,1,1,16.7,1,0.22035217,0.7796478,1
331,3rd,female,16.0,1,1,8.5167,1,0.22035217,0.7796478,1
715,3rd,male,20.0,0,0,7.925,0,0.88373595,0.11626406,0
239,1st,male,,0,0,26.0,0,0.63639235,0.36360767,0
249,3rd,male,,0,0,7.225,0,0.88373595,0.11626406,0
344,1st,female,24.0,0,0,49.5042,1,0.13200384,0.86799616,1
683,1st,female,16.0,0,1,39.4,1,0.056927144,0.94307285,1
93,2nd,female,50.0,0,1,26.0,1,0.12422383,0.8757762,1
664,3rd,male,,0,0,7.8958,0,0.88373595,0.11626406,0
851,1st,female,49.0,0,0,25.9292,1,0.13200384,0.86799616,1
1031,1st,female,48.0,1,1,79.2,1,0.061101556,0.93889844,1
1302,2nd,male,34.0,1,0,26.0,0,0.815971,0.18402895,0
269,2nd,female,50.0,0,0,10.5,1,0.26327592,0.7367241,1
792,3rd,male,0.3333,0,2,14.4,0,0.8297629,0.17023712,0
139,3rd,male,19.0,0,0,7.8958,0,0.88373595,0.11626406,0
928,1st,female,17.0,1,0,108.9,1,0.14086121,0.8591388,1
511,1st,female,22.0,0,1,55.0,1,0.056927144,0.94307285,1
364,2nd,male,24.0,2,0,31.5,0,0.8461149,0.15388516,0
859,3rd,female,47.0,1,0,14.5,0,0.41590643,0.5840936,1
549,1st,male,42.0,0,0,26.2875,1,0.63639235,0.36360767,0
131,3rd,female,29.0,0,4,21.075,0,0.9332844,0.06671559,0
1253,2nd,female,24.0,1,0,27.7208,1,0.2781192,0.7218808,1
846,1st,male,17.0,0,0,47.1,0,0.63639235,0.36360767,0
953,2nd,female,24.0,1,0,26.0,1,0.2781192,0.7218808,1
378,2nd,male,18.0,0,0,73.5,0,0.80440944,0.19559056,0
75,3rd,male,,1,1,14.5,0,0.7648544,0.23514563,0
791,3rd,male,34.0,0,0,8.05,0,0.88373595,0.11626406,0
565,1st,male,,0,0,227.525,0,0.63639235,0.36360767,0
981,3rd,female,,1,0,15.5,0,0.41590643,0.5840936,1
1066,2nd,male,54.0,0,0,26.0,0,0.80440944,0.19559056,0
1010,2nd,male,25.0,0,0,13.0,0,0.80440944,0.19559056,0
972,1st,female,58.0,0,1,153.4625,1,0.056927144,0.94307285,1
439,3rd,male,29.0,3,1,22.025,1,0.9142613,0.08573872,0
935,2nd,male,19.0,0,0,10.5,0,0.80440944,0.19559056,0
325,1st,male,71.0,0,0,34.6542,0,0.63639235,0.36360767,0
964,2nd,female,24.0,2,3,18.75,1,0.2883153,0.7116847,1
1169,2nd,male,18.0,0,0,11.5,0,0.80440944,0.19559056,0
504,1st,female,44.0,0,0,27.7208,1,0.13200384,0.86799616,1
1029,1st,female,40.0,0,0,153.4625,1,0.13200384,0.86799616,1
318,1st,male,47.0,0,0,42.4,0,0.63639235,0.36360767,0
400,3rd,male,7.0,4,1,29.125,0,0.93054306,0.069456965,0
248,3rd,male,36.0,0,0,0.0,0,0.88373595,0.11626406,0
187,3rd,female,30.0,0,0,12.475,1,0.39776134,0.60223865,1
743,1st,male,37.0,1,1,83.1583,0,0.42823052,0.5717695,1
1091,1st,male,28.0,0,0,35.5,1,0.63639235,0.36360767,0
148,3rd,male,29.0,0,0,7.75,1,0.88373595,0.11626406,0
682,1st,male,19.0,3,2,263.0,0,0.7986576,0.20134242,0
243,2nd,male,31.0,0,0,10.5,0,0.80440944,0.19559056,0
1215,3rd,male,36.0,0,0,7.4958,0,0.88373595,0.11626406,0
881,1st,female,27.0,1,2,52.0,1,0.09513384,0.90486616,1
650,2nd,male,18.0,0,0,11.5,0,0.80440944,0.19559056,0
620,3rd,male,24.0,0,0,7.25,0,0.88373595,0.11626406,0
467,3rd,male,26.0,0,0,7.8958,0,0.88373595,0.11626406,0
652,1st,female,51.0,0,1,39.4,1,0.056927144,0.94307285,1
675,1st,female,22.0,0,1,59.4,1,0.056927144,0.94307285,1
960,2nd,female,21.0,0,0,10.5,1,0.26327592,0.7367241,1
48,2nd,male,54.0,0,0,14.0,0,0.80440944,0.19559056,0
345,3rd,male,19.0,0,0,8.05,0,0.88373595,0.11626406,0
409,3rd,male,17.0,0,0,8.6625,0,0.88373595,0.11626406,0
83,3rd,male,29.0,0,0,9.5,1,0.88373595,0.11626406,0
1054,1st,male,55.0,1,0,59.4,0,0.65360886,0.34639114,0
988,2nd,male,,0,0,15.5792,0,0.80440944,0.19559056,0
231,2nd,female,25.0,0,1,26.0,1,0.12422383,0.8757762,1
146,3rd,male,43.0,0,0,7.8958,0,0.88373595,0.11626406,0
61,1st,male,45.0,0,0,35.5,0,0.63639235,0.36360767,0
1166,3rd,male,,0,0,56.4958,1,0.88373595,0.11626406,0
1277,2nd,male,34.0,1,0,21.0,0,0.815971,0.18402895,0
512,2nd,female,40.0,1,1,39.0,1,0.13263893,0.86736107,1
574,3rd,male,,1,1,22.3583,1,0.7648544,0.23514563,0
422,3rd,male,32.0,0,0,7.925,1,0.88373595,0.11626406,0
546,3rd,female,,1,0,24.15,1,0.41590643,0.5840936,1
210,1st,male,35.0,0,0,26.2875,1,0.63639235,0.36360767,0
552,3rd,male,,0,0,7.8792,0,0.88373595,0.11626406,0
850,2nd,male,23.0,0,0,13.0,0,0.80440944,0.19559056,0
297,3rd,male,20.0,0,0,7.8542,0,0.88373595,0.11626406,0
259,3rd,male,16.0,2,0,18.0,0,0.9104105,0.08958948,0
550,3rd,male,3.0,1,1,15.9,1,0.7648544,0.23514563,0
596,2nd,male,24.0,0,0,10.5,0,0.80440944,0.19559056,0
177,3rd,female,,0,0,7.7208,1,0.39776134,0.60223865,1
1209,1st,male,49.0,0,0,26.0,0,0.63639235,0.36360767,0
281,3rd,male,22.0,0,0,7.5208,0,0.88373595,0.11626406,0
944,2nd,male,23.0,1,0,10.5,0,0.815971,0.18402895,0
1223,3rd,female,23.0,0,0,7.8542,1,0.39776134,0.60223865,1
43,3rd,male,,0,0,7.8958,0,0.88373595,0.11626406,0
1234,3rd,male,36.0,1,0,15.55,0,0.8912424,0.108757585,0
353,3rd,male,19.0,0,0,14.5,0,0.88373595,0.11626406,0
267,3rd,male,11.5,1,1,14.5,0,0.7648544,0.23514563,0
440,3rd,female,30.0,0,0,7.6292,0,0.39776134,0.60223865,1
490,3rd,male,24.0,0,0,7.8542,0,0.88373595,0.11626406,0
3,2nd,male,26.0,1,1,29.0,1,0.6376713,0.3623287,0
487,2nd,male,,0,0,12.875,0,0.80440944,0.19559056,0
854,3rd,male,61.0,0,0,6.2375,0,0.88373595,0.11626406,0
514,1st,male,32.5,0,0,211.5,0,0.63639235,0.36360767,0
989,3rd,male,21.0,2,0,24.15,0,0.9104105,0.08958948,0
257,3rd,male,,0,0,8.05,0,0.88373595,0.11626406,0
1256,3rd,male,42.0,0,0,7.65,0,0.88373595,0.11626406,0
987,3rd,male,45.0,0,0,6.975,0,0.88373595,0.11626406,0
1049,3rd,male,74.0,0,0,7.775,0,0.88373595,0.11626406,0
219,3rd,female,27.0,0,1,12.475,1,0.20770478,0.7922952,1
1172,2nd,female,28.0,0,0,12.65,1,0.26327592,0.7367241,1
1270,2nd,male,18.0,0,0,73.5,0,0.80440944,0.19559056,0
360,3rd,male,41.0,0,0,7.125,0,0.88373595,0.11626406,0
869,3rd,male,,0,0,7.775,1,0.88373595,0.11626406,0
352,1st,male,58.0,0,0,29.7,0,0.63639235,0.36360767,0
606,2nd,female,17.0,0,0,10.5,1,0.26327592,0.7367241,1
118,1st,female,60.0,1,0,75.25,1,0.14086121,0.8591388,1
1151,3rd,male,,0,0,8.4583,0,0.88373595,0.11626406,0
137,3rd,male,25.0,0,0,7.65,0,0.88373595,0.11626406,0
525,2nd,female,34.0,0,0,10.5,1,0.26327592,0.7367241,1
1288,2nd,male,39.0,0,0,26.0,0,0.80440944,0.19559056,0
313,2nd,male,36.0,0,0,12.875,0,0.80440944,0.19559056,0
1305,2nd,male,26.0,0,0,13.0,0,0.80440944,0.19559056,0
245,2nd,female,,0,0,33.0,1,0.26327592,0.7367241,1
1086,3rd,male,,2,0,21.6792,0,0.9104105,0.08958948,0
1283,1st,female,63.0,1,0,77.9583,1,0.14086121,0.8591388,1
175,3rd,female,20.0,1,0,9.825,0,0.41590643,0.5840936,1
625,3rd,male,,0,0,14.5,0,0.88373595,0.11626406,0
419,3rd,male,33.0,0,0,8.6625,0,0.88373595,0.11626406,0
315,2nd,male,47.0,0,0,10.5,0,0.80440944,0.19559056,0
78,2nd,female,28.0,0,0,13.0,1,0.26327592,0.7367241,1
642,2nd,male,34.0,1,0,21.0,0,0.815971,0.18402895,0
1060,3rd,male,17.0,0,0,8.6625,0,0.88373595,0.11626406,0
193,2nd,male,61.0,0,0,12.35,0,0.80440944,0.19559056,0
189,2nd,male,41.0,0,0,15.0458,0,0.80440944,0.19559056,0
1101,3rd,male,14.5,8,2,69.55,0,0.9900006,0.009999385,0
1194,1st,male,65.0,0,1,61.9792,0,0.4099251,0.5900749,1
1198,3rd,male,29.0,0,0,7.775,0,0.88373595,0.11626406,0
509,3rd,female,,3,1,25.4667,0,0.48093826,0.51906174,1
768,2nd,male,,0,0,15.0458,0,0.80440944,0.19559056,0
937,3rd,male,,0,0,7.75,0,0.88373595,0.11626406,0
157,3rd,male,22.0,0,0,7.225,1,0.88373595,0.11626406,0
708,1st,female,47.0,1,0,61.175,1,0.14086121,0.8591388,1
256,1st,female,45.0,0,0,262.375,1,0.13200384,0.86799616,1
983,2nd,female,50.0,0,0,10.5,1,0.26327592,0.7367241,1
99,2nd,male,30.0,1,0,21.0,0,0.815971,0.18402895,0
524,2nd,male,30.0,1,0,24.0,0,0.815971,0.18402895,0
322,3rd,male,,1,0,14.4542,0,0.8912424,0.108757585,0
359,2nd,female,30.0,0,0,12.35,1,0.26327592,0.7367241,1
1154,1st,female,48.0,1,0,106.425,1,0.14086121,0.8591388,1
390,3rd,male,24.0,0,0,7.7958,0,0.88373595,0.11626406,0
802,3rd,female,11.0,4,2,31.275,0,0.6528597,0.3471403,0
1129,3rd,female,19.0,0,0,7.8792,1,0.39776134,0.60223865,1
547,1st,female,18.0,1,0,227.525,1,0.14086121,0.8591388,1
1112,2nd,male,23.0,0,0,15.0458,0,0.80440944,0.19559056,0
287,3rd,male,40.0,1,4,27.9,0,0.9942716,0.0057284357,0
341,1st,male,39.0,0,0,0.0,0,0.63639235,0.36360767,0
619,3rd,male,28.0,0,0,56.4958,0,0.88373595,0.11626406,0
709,3rd,male,29.0,0,0,7.8542,0,0.88373595,0.11626406,0
636,2nd,male,27.0,1,0,26.0,0,0.815971,0.18402895,0
1251,3rd,male,,0,0,7.8958,0,0.88373595,0.11626406,0
1185,2nd,female,34.0,1,1,32.5,1,0.13263893,0.86736107,1
520,2nd,female,24.0,0,0,13.0,1,0.26327592,0.7367241,1
1192,1st,male,51.0,0,0,26.55,1,0.63639235,0.36360767,0
957,3rd,female,10.0,5,2,46.9,0,0.73336184,0.2666382,0
688,1st,male,25.0,1,0,55.4417,1,0.65360886,0.34639114,0
1080,1st,male,29.0,1,0,66.6,0,0.65360886,0.34639114,0
860,1st,female,16.0,0,0,86.5,1,0.13200384,0.86799616,1
1276,3rd,female,18.5,0,0,7.2833,0,0.39776134,0.60223865,1
250,3rd,male,36.0,0,0,7.8958,0,0.88373595,0.11626406,0
798,1st,female,39.0,1,1,110.8833,1,0.061101556,0.93889844,1
463,1st,male,40.0,0,0,27.7208,0,0.63639235,0.36360767,0
54,3rd,male,,0,0,7.25,0,0.88373595,0.11626406,0
1293,2nd,male,,0,0,0.0,0,0.80440944,0.19559056,0
87,3rd,male,21.0,0,0,8.4333,0,0.88373595,0.11626406,0
1235,1st,male,21.0,0,1,77.2875,0,0.4099251,0.5900749,1
531,1st,female,31.0,0,2,164.8667,1,0.08885449,0.9111455,1
892,2nd,male,50.0,1,0,26.0,0,0.815971,0.18402895,0
1123,2nd,female,55.0,0,0,16.0,1,0.26327592,0.7367241,1
938,1st,female,35.0,1,0,57.75,1,0.14086121,0.8591388,1
612,3rd,female,45.0,1,4,27.9,0,0.9378169,0.062183067,0
236,2nd,male,34.0,0,0,13.0,1,0.80440944,0.19559056,0
1043,3rd,male,21.0,0,0,7.925,0,0.88373595,0.11626406,0
720,1st,female,58.0,0,0,146.5208,1,0.13200384,0.86799616,1
114,1st,male,,0,0,25.7417,1,0.63639235,0.36360767,0
966,3rd,female,9.0,4,2,31.275,0,0.6528597,0.3471403,0
69,1st,female,52.0,1,1,93.5,1,0.061101556,0.93889844,1
11,3rd,male,30.0,1,0,16.1,0,0.8912424,0.108757585,0
1232,1st,female,35.0,1,0,52.0,1,0.14086121,0.8591388,1
848,2nd,male,23.0,0,0,10.5,0,0.80440944,0.19559056,0
1092,2nd,male,23.0,2,1,11.5,0,0.6857736,0.3142264,0
432,3rd,male,65.0,0,0,7.75,0,0.88373595,0.11626406,0
804,3rd,male,22.0,0,0,9.0,0,0.88373595,0.11626406,0
991,3rd,male,9.0,5,2,46.9,0,0.9693752,0.030624779,0
820,2nd,male,25.0,1,0,26.0,0,0.815971,0.18402895,0
1028,3rd,male,,0,0,7.7333,0,0.88373595,0.11626406,0
204,1st,male,42.0,0,0,26.55,0,0.63639235,0.36360767,0
65,3rd,female,,1,0,15.5,1,0.41590643,0.5840936,1
1107,3rd,male,17.0,0,0,8.6625,0,0.88373595,0.11626406,0
1079,3rd,female,22.0,0,0,7.75,1,0.39776134,0.60223865,1
15,3rd,female,18.0,2,0,18.0,0,0.4689306,0.5310694,1
202,1st,male,50.0,1,1,211.5,0,0.42823052,0.5717695,1
1108,2nd,male,46.0,0,0,26.0,0,0.80440944,0.19559056,0
1257,1st,female,33.0,0,0,151.55,1,0.13200384,0.86799616,1
723,1st,female,,0,1,55.0,1,0.056927144,0.94307285,1
207,3rd,female,30.0,1,1,24.15,0,0.22035217,0.7796478,1
1083,3rd,male,1.0,1,2,20.575,1,0.84012365,0.15987635,0
305,3rd,male,28.0,0,0,7.25,0,0.88373595,0.11626406,0
335,3rd,male,39.0,0,0,7.925,1,0.88373595,0.11626406,0
538,3rd,female,31.0,1,1,20.525,1,0.22035217,0.7796478,1
1007,2nd,female,42.0,0,0,13.0,1,0.26327592,0.7367241,1
879,2nd,female,,0,0,21.0,0,0.26327592,0.7367241,1
1182,3rd,male,21.0,0,0,7.775,0,0.88373595,0.11626406,0
993,3rd,female,,0,0,8.05,1,0.39776134,0.60223865,1
867,3rd,female,27.0,0,0,7.8792,0,0.39776134,0.60223865,1
507,1st,female,43.0,1,0,55.4417,1,0.14086121,0.8591388,1
258,2nd,female,29.0,0,0,10.5,1,0.26327592,0.7367241,1
581,3rd,female,23.0,0,0,8.6625,0,0.39776134,0.60223865,1
572,2nd,female,0.9167,1,2,27.75,1,0.19810879,0.8018912,1
135,1st,male,55.0,0,0,50.0,0,0.63639235,0.36360767,0
985,3rd,male,21.0,0,0,16.1,0,0.88373595,0.11626406,0
80,2nd,male,,0,0,13.8625,1,0.80440944,0.19559056,0
117,1st,female,24.0,0,0,69.3,1,0.13200384,0.86799616,1
437,1st,male,65.0,0,0,26.55,0,0.63639235,0.36360767,0
348,1st,female,23.0,1,0,113.275,1,0.14086121,0.8591388,1
484,1st,female,38.0,0,0,227.525,1,0.13200384,0.86799616,1
578,1st,female,54.0,1,1,81.8583,1,0.061101556,0.93889844,1
1224,3rd,male,34.0,1,1,14.4,0,0.7648544,0.23514563,0
915,1st,male,46.0,0,0,79.2,0,0.63639235,0.36360767,0
834,1st,female,22.0,0,2,49.5,1,0.08885449,0.9111455,1
930,3rd,male,49.0,0,0,0.0,0,0.88373595,0.11626406,0
653,3rd,male,,0,0,7.75,0,0.88373595,0.11626406,0
1125,3rd,male,32.0,0,0,22.525,0,0.88373595,0.11626406,0
858,3rd,male,26.0,0,0,7.8792,0,0.88373595,0.11626406,0
950,3rd,female,,8,2,69.55,0,0.89586353,0.10413644,0
1280,1st,male,42.0,1,0,52.0,0,0.65360886,0.34639114,0
529,1st,male,48.0,1,0,52.0,1,0.65360886,0.34639114,0
838,1st,female,21.0,2,2,262.375,1,0.11533797,0.88466203,1
526,3rd,male,33.0,0,0,7.8958,0,0.88373595,0.11626406,0
304,1st,male,39.0,1,0,71.2833,0,0.65360886,0.34639114,0
1085,3rd,male,40.0,0,0,7.225,0,0.88373595,0.11626406,0
694,1st,male,46.0,1,0,61.175,0,0.65360886,0.34639114,0
1138,2nd,male,3.0,1,1,18.75,1,0.6376713,0.3623287,0
188,1st,male,,0,0,0.0,0,0.63639235,0.36360767,0
191,2nd,male,24.0,0,0,13.0,0,0.80440944,0.19559056,0
27,1st,male,33.0,0,0,5.0,0,0.63639235,0.36360767,0
927,2nd,male,22.0,2,0,31.5,0,0.8461149,0.15388516,0
32,3rd,female,41.0,0,5,39.6875,0,0.70850706,0.29149294,0
246,1st,male,23.0,0,0,93.5,0,0.63639235,0.36360767,0
379,3rd,male,38.0,0,0,7.05,0,0.88373595,0.11626406,0
254,2nd,female,24.0,1,2,65.0,1,0.19810879,0.8018912,1
680,3rd,female,28.0,0,0,7.775,0,0.39776134,0.60223865,1
1271,3rd,male,10.0,4,1,29.125,0,0.93054306,0.069456965,0
1105,2nd,female,54.0,1,3,23.0,1,0.24624455,0.75375545,1
1059,3rd,male,26.0,0,0,7.8958,0,0.88373595,0.11626406,0
222,3rd,female,24.0,0,0,7.75,1,0.39776134,0.60223865,1
829,3rd,male,21.0,0,0,8.6625,0,0.88373595,0.11626406,0
198,3rd,female,33.0,3,0,15.85,1,0.7000909,0.29990911,0
700,3rd,male,,0,0,8.1125,1,0.88373595,0.11626406,0
57,3rd,male,21.0,0,0,7.8,0,0.88373595,0.11626406,0
427,2nd,male,31.0,1,1,26.25,0,0.6376713,0.3623287,0
312,2nd,male,21.0,0,0,11.5,0,0.80440944,0.19559056,0
771,1st,female,31.0,1,0,113.275,1,0.14086121,0.8591388,1
16,1st,female,32.0,0,0,76.2917,1,0.13200384,0.86799616,1
667,1st,female,43.0,0,1,211.3375,1,0.056927144,0.94307285,1
742,1st,female,14.0,1,2,120.0,1,0.09513384,0.90486616,1
36,3rd,male,24.0,0,0,7.55,1,0.88373595,0.11626406,0
20,1st,male,19.0,1,0,53.1,0,0.65360886,0.34639114,0
445,1st,female,,0,0,31.6833,1,0.13200384,0.86799616,1
129,1st,male,46.0,0,0,75.2417,0,0.63639235,0.36360767,0
334,3rd,male,27.0,0,0,8.6625,1,0.88373595,0.11626406,0
1071,2nd,female,34.0,0,1,23.0,1,0.12422383,0.8757762,1
1013,3rd,male,35.0,0,0,8.05,0,0.88373595,0.11626406,0
241,3rd,female,24.0,0,3,19.2583,1,0.3589937,0.6410063,1
326,1st,female,38.0,1,0,71.2833,1,0.14086121,0.8591388,1
1100,3rd,male,23.0,0,0,9.225,0,0.88373595,0.11626406,0
1003,3rd,male,,0,0,7.25,0,0.88373595,0.11626406,0
111,2nd,male,28.0,0,0,13.0,0,0.80440944,0.19559056,0
1047,1st,male,26.0,0,0,30.0,1,0.63639235,0.36360767,0
147,3rd,male,27.0,1,0,14.4542,0,0.8912424,0.108757585,0
192,1st,female,16.0,0,1,57.9792,1,0.056927144,0.94307285,1
1063,1st,female,58.0,0,0,26.55,1,0.13200384,0.86799616,1
465,3rd,male,,0,0,8.05,0,0.88373595,0.11626406,0
37,3rd,male,39.0,0,2,7.2292,0,0.8297629,0.17023712,0
553,3rd,male,,1,0,7.75,0,0.8912424,0.108757585,0
1227,3rd,male,60.5,0,0,,0,0.88373595,0.11626406,0
984,1st,female,21.0,0,0,26.55,1,0.13200384,0.86799616,1
712,3rd,female,22.0,0,0,7.725,1,0.39776134,0.60223865,1
1183,1st,male,,0,0,52.0,0,0.63639235,0.36360767,0
273,2nd,male,51.0,0,0,12.525,0,0.80440944,0.19559056,0
30,2nd,male,21.0,1,0,11.5,0,0.815971,0.18402895,0
967,1st,female,38.0,0,0,80.0,1,0.13200384,0.86799616,1
268,1st,male,80.0,0,0,30.0,1,0.63639235,0.36360767,0
577,3rd,female,29.0,0,2,15.2458,1,0.29751736,0.70248264,1
1012,2nd,female,45.0,0,0,13.5,1,0.26327592,0.7367241,1
357,2nd,male,40.0,0,0,16.0,0,0.80440944,0.19559056,0
363,3rd,male,28.0,0,0,9.5,0,0.88373595,0.11626406,0
1036,1st,female,30.0,0,0,86.5,1,0.13200384,0.86799616,1
162,2nd,male,26.0,0,0,13.0,0,0.80440944,0.19559056,0
1146,3rd,male,42.0,0,0,8.6625,0,0.88373595,0.11626406,0
466,3rd,female,2.0,0,1,10.4625,0,0.20770478,0.7922952,1
1127,1st,male,52.0,1,1,79.65,0,0.42823052,0.5717695,1
201,1st,female,35.0,1,0,90.0,1,0.14086121,0.8591388,1
888,3rd,male,26.5,0,0,7.225,0,0.88373595,0.11626406,0
356,3rd,male,20.0,0,0,7.05,0,0.88373595,0.11626406,0
385,3rd,male,,0,0,7.225,0,0.88373595,0.11626406,0
108,3rd,female,5.0,4,2,31.3875,1,0.6528597,0.3471403,0
29,3rd,male,26.0,0,0,18.7875,1,0.88373595,0.11626406,0
1259,3rd,female,1.0,0,2,15.7417,1,0.29751736,0.70248264,1
1,3rd,male,39.0,1,5,31.275,0,0.9679052,0.032094777,0
337,2nd,female,18.0,0,2,13.0,1,0.18643284,0.81356716,1
543,1st,male,50.0,2,0,133.65,1,0.7005888,0.2994112,0
1179,3rd,male,6.0,3,1,21.075,0,0.9142613,0.08573872,0
580,3rd,female,38.0,1,5,31.3875,1,0.723791,0.27620897,0
614,3rd,male,31.0,0,0,7.75,0,0.88373595,0.11626406,0
849,3rd,female,,1,2,23.45,0,0.31346977,0.68653023,1
784,3rd,male,5.0,4,2,31.3875,0,0.9558382,0.044161778,0
314,3rd,male,21.0,0,0,8.05,0,0.88373595,0.11626406,0
731,1st,male,54.0,0,1,77.2875,0,0.4099251,0.5900749,1
426,3rd,male,38.0,0,0,8.6625,0,0.88373595,0.11626406,0
510,3rd,male,34.0,0,0,6.4958,0,0.88373595,0.11626406,0
286,1st,male,,0,0,0.0,0,0.63639235,0.36360767,0
233,3rd,male,51.0,0,0,8.05,0,0.88373595,0.11626406,0
1207,3rd,male,0.75,1,1,13.775,0,0.7648544,0.23514563,0
424,2nd,male,36.5,0,2,26.0,0,0.7250673,0.27493268,0
627,2nd,male,52.0,0,0,13.0,0,0.80440944,0.19559056,0
576,3rd,female,,0,0,7.75,1,0.39776134,0.60223865,1
101,3rd,male,17.0,1,0,7.0542,0,0.8912424,0.108757585,0
598,3rd,male,28.0,0,0,8.05,0,0.88373595,0.11626406,0
150,3rd,male,27.0,0,0,8.6625,0,0.88373595,0.11626406,0
1211,3rd,male,40.5,0,2,14.5,0,0.8297629,0.17023712,0
457,2nd,female,33.0,0,2,26.0,1,0.18643284,0.81356716,1
161,1st,male,31.0,0,0,50.4958,0,0.63639235,0.36360767,0
14,2nd,male,,0,0,15.05,0,0.80440944,0.19559056,0
1265,2nd,male,54.0,1,0,26.0,0,0.815971,0.18402895,0
398,3rd,male,15.0,1,1,7.2292,0,0.7648544,0.23514563,0
493,3rd,male,,0,0,8.05,0,0.88373595,0.11626406,0
823,1st,male,50.0,1,0,106.425,0,0.65360886,0.34639114,0
1122,1st,female,55.0,2,0,25.7,1,0.16896325,0.83103675,1
857,3rd,male,44.0,0,0,8.05,0,0.88373595,0.11626406,0
376,3rd,male,55.5,0,0,8.05,0,0.88373595,0.11626406,0
735,3rd,male,1.0,4,1,39.6875,0,0.93054306,0.069456965,0
749,1st,male,46.0,0,0,26.0,0,0.63639235,0.36360767,0
855,3rd,male,,0,0,7.75,0,0.88373595,0.11626406,0
672,3rd,male,33.0,0,0,7.775,0,0.88373595,0.11626406,0
338,3rd,male,,0,0,7.75,0,0.88373595,0.11626406,0
389,1st,female,48.0,0,0,25.9292,1,0.13200384,0.86799616,1
644,3rd,male,,0,0,7.2292,0,0.88373595,0.11626406,0
73,2nd,male,25.0,0,0,31.5,0,0.80440944,0.19559056,0
665,3rd,male,22.0,0,0,8.05,0,0.88373595,0.11626406,0
485,2nd,male,32.0,0,0,13.0,0,0.80440944,0.19559056,0
921,3rd,female,20.0,0,0,8.6625,0,0.39776134,0.60223865,1
1118,3rd,male,7.0,4,1,39.6875,0,0.93054306,0.069456965,0
151,3rd,male,20.0,0,0,7.8542,0,0.88373595,0.11626406,0
104,3rd,male,4.0,1,1,11.1333,1,0.7648544,0.23514563,0
1252,3rd,male,18.0,0,0,7.75,0,0.88373595,0.11626406,0
383,3rd,female,9.0,1,1,15.2458,0,0.22035217,0.7796478,1
814,1st,male,50.0,0,0,26.0,0,0.63639235,0.36360767,0
1264,2nd,male,36.0,1,2,27.75,0,0.7398019,0.26019812,0
238,2nd,male,30.0,0,0,13.0,0,0.80440944,0.19559056,0
265,2nd,male,21.0,0,0,73.5,0,0.80440944,0.19559056,0
662,1st,female,60.0,0,0,76.2917,1,0.13200384,0.86799616,1
470,1st,male,22.0,0,0,135.6333,0,0.63639235,0.36360767,0
294,1st,female,33.0,1,0,90.0,1,0.14086121,0.8591388,1
948,1st,female,21.0,0,0,77.9583,1,0.13200384,0.86799616,1
1220,3rd,male,19.0,0,0,6.75,0,0.88373595,0.11626406,0
154,3rd,male,21.0,0,0,7.775,1,0.88373595,0.11626406,0
447,3rd,male,,0,0,8.05,0,0.88373595,0.11626406,0
513,1st,female,47.0,1,1,52.5542,1,0.061101556,0.93889844,1
651,3rd,female,20.0,0,0,7.8542,0,0.39776134,0.60223865,1
1097,2nd,female,35.0,0,0,21.0,1,0.26327592,0.7367241,1
535,1st,female,55.0,0,0,27.7208,1,0.13200384,0.86799616,1
9,3rd,male,26.0,0,0,8.05,0,0.88373595,0.11626406,0
1038,3rd,male,21.0,0,0,8.05,0,0.88373595,0.11626406,0
1124,2nd,female,12.0,2,1,39.0,1,0.159405,0.840595,1
49,3rd,male,19.0,0,0,8.05,1,0.88373595,0.11626406,0
17,3rd,male,,0,0,7.7375,0,0.88373595,0.11626406,0
1040,3rd,male,31.0,0,0,7.775,0,0.88373595,0.11626406,0
53,3rd,male,23.0,0,0,7.05,0,0.88373595,0.11626406,0
1045,3rd,male,,0,0,7.8958,0,0.88373595,0.11626406,0
583,3rd,male,26.0,0,0,56.4958,1,0.88373595,0.11626406,0
110,3rd,male,,0,0,9.5,0,0.88373595,0.11626406,0
205,3rd,female,,1,0,14.4542,0,0.41590643,0.5840936,1
211,1st,male,42.0,1,0,52.5542,1,0.65360886,0.34639114,0
738,3rd,female,23.0,0,0,7.925,0,0.39776134,0.60223865,1
908,3rd,female,22.0,0,0,10.5167,0,0.39776134,0.60223865,1
1273,1st,female,30.0,0,0,56.9292,1,0.13200384,0.86799616,1
506,3rd,female,,0,4,25.4667,0,0.9332844,0.06671559,0
655,2nd,male,19.0,1,1,36.75,0,0.6376713,0.3623287,0
461,3rd,male,24.0,0,0,9.325,0,0.88373595,0.11626406,0
416,1st,female,30.0,0,0,31.0,1,0.13200384,0.86799616,1
280,3rd,male,4.0,4,2,31.275,0,0.9558382,0.044161778,0
244,3rd,female,,1,0,14.4542,0,0.41590643,0.5840936,1
647,1st,male,49.0,1,1,110.8833,0,0.42823052,0.5717695,1
1203,3rd,male,,0,0,7.3125,0,0.88373595,0.11626406,0
199,3rd,female,,3,1,25.4667,0,0.48093826,0.51906174,1
890,2nd,female,20.0,0,0,36.75,1,0.26327592,0.7367241,1
1110,2nd,male,57.0,0,0,12.35,0,0.80440944,0.19559056,0
295,3rd,male,18.0,0,0,8.6625,0,0.88373595,0.11626406,0
996,3rd,male,21.0,0,0,7.7958,1,0.88373595,0.11626406,0
741,3rd,male,42.0,0,1,8.4042,0,0.7510611,0.24893889,0
406,3rd,male,11.0,0,0,18.7875,0,0.88373595,0.11626406,0
279,3rd,male,18.0,0,0,8.05,1,0.88373595,0.11626406,0
874,3rd,female,24.0,1,0,15.85,1,0.41590643,0.5840936,1
1155,3rd,male,31.0,0,0,7.925,1,0.88373595,0.11626406,0
643,2nd,male,0.6667,1,1,14.5,1,0.6376713,0.3623287,0
68,3rd,male,,0,0,8.05,0,0.88373595,0.11626406,0
974,3rd,male,25.0,0,0,7.225,0,0.88373595,0.11626406,0
38,3rd,female,,0,0,7.75,1,0.39776134,0.60223865,1
284,3rd,female,,0,0,7.7333,1,0.39776134,0.60223865,1
1301,2nd,male,27.0,0,0,13.0,0,0.80440944,0.19559056,0
1004,1st,male,71.0,0,0,49.5042,0,0.63639235,0.36360767,0
10,3rd,female,25.0,0,0,7.775,0,0.39776134,0.60223865,1
548,3rd,female,35.0,0,0,7.75,0,0.39776134,0.60223865,1
430,3rd,male,50.0,0,0,8.05,0,0.88373595,0.11626406,0
366,3rd,female,18.0,1,0,17.8,0,0.41590643,0.5840936,1
539,1st,female,36.0,0,2,71.0,1,0.08885449,0.9111455,1
1262,1st,female,23.0,0,1,83.1583,1,0.056927144,0.94307285,1
671,3rd,female,,2,0,23.25,1,0.4689306,0.5310694,1
388,3rd,female,14.5,1,0,14.4542,0,0.41590643,0.5840936,1
446,3rd,male,40.0,1,6,46.9,0,0.9836213,0.016378678,0
1186,2nd,male,36.0,0,0,10.5,0,0.80440944,0.19559056,0
634,1st,male,21.0,0,1,61.3792,1,0.4099251,0.5900749,1
945,3rd,male,14.0,4,1,39.6875,0,0.93054306,0.069456965,0
260,2nd,male,25.0,0,0,13.0,0,0.80440944,0.19559056,0
963,2nd,female,45.0,1,1,26.25,1,0.13263893,0.86736107,1
1133,2nd,female,5.0,1,2,27.75,1,0.19810879,0.8018912,1
779,1st,female,48.0,1,3,262.375,1,0.12205756,0.87794244,1
444,2nd,female,48.0,0,2,36.75,1,0.18643284,0.81356716,1
770,2nd,female,31.0,1,1,26.25,1,0.13263893,0.86736107,1
951,3rd,male,28.0,0,0,7.7958,0,0.88373595,0.11626406,0
1248,3rd,male,22.0,0,0,7.225,1,0.88373595,0.11626406,0
515,3rd,female,,0,0,7.75,1,0.39776134,0.60223865,1
1218,3rd,female,9.0,2,2,34.375,0,0.3615173,0.6384827,1
956,1st,female,2.0,1,2,151.55,0,0.09513384,0.90486616,1
168,3rd,female,48.0,1,3,34.375,0,0.37647587,0.6235241,1
895,3rd,male,,0,0,6.95,0,0.88373595,0.11626406,0
79,2nd,male,26.0,0,0,13.0,0,0.80440944,0.19559056,0
1072,1st,female,53.0,2,0,51.4792,1,0.16896325,0.83103675,1
1260,3rd,male,24.0,2,0,24.15,0,0.9104105,0.08958948,0
39,1st,male,43.0,1,0,27.7208,1,0.65360886,0.34639114,0
180,3rd,female,6.0,4,2,31.275,0,0.6528597,0.3471403,0
1290,2nd,female,2.0,1,1,26.0,1,0.13263893,0.86736107,1
998,1st,male,,0,0,27.7208,0,0.63639235,0.36360767,0
1170,3rd,female,24.0,0,2,16.7,1,0.29751736,0.70248264,1
323,3rd,female,,0,0,7.75,1,0.39776134,0.60223865,1
1230,1st,female,36.0,1,2,120.0,1,0.09513384,0.90486616,1
454,1st,female,29.0,0,0,221.7792,1,0.13200384,0.86799616,1
1180,3rd,male,22.0,0,0,7.25,0,0.88373595,0.11626406,0
56,3rd,female,,0,0,7.8792,0,0.39776134,0.60223865,1
1044,2nd,male,17.0,0,0,73.5,0,0.80440944,0.19559056,0
1070,1st,female,17.0,1,0,57.0,1,0.14086121,0.8591388,1
1042,3rd,female,,3,1,25.4667,0,0.48093826,0.51906174,1
853,3rd,male,,0,0,15.5,0,0.88373595,0.11626406,0
64,3rd,male,18.0,1,0,14.4542,0,0.8912424,0.108757585,0
769,2nd,male,35.0,0,0,12.35,0,0.80440944,0.19559056,0
218,2nd,female,29.0,1,0,26.0,1,0.2781192,0.7218808,1
174,1st,male,45.0,0,0,26.55,1,0.63639235,0.36360767,0
555,1st,male,47.0,0,0,34.0208,0,0.63639235,0.36360767,0
587,3rd,male,,0,0,7.2292,0,0.88373595,0.11626406,0
1173,1st,male,25.0,0,0,26.0,0,0.63639235,0.36360767,0
815,3rd,male,22.0,0,0,7.2292,0,0.88373595,0.11626406,0
607,3rd,male,,0,0,7.8958,0,0.88373595,0.11626406,0
453,3rd,male,,0,0,8.05,0,0.88373595,0.11626406,0
1048,3rd,male,28.5,0,0,16.1,0,0.88373595,0.11626406,0
711,3rd,male,,0,0,7.8958,0,0.88373595,0.11626406,0
685,2nd,male,21.0,0,0,13.0,0,0.80440944,0.19559056,0
1050,2nd,male,19.0,0,0,10.5,1,0.80440944,0.19559056,0
1258,2nd,female,24.0,2,1,27.0,1,0.159405,0.840595,1
817,1st,female,64.0,1,1,26.55,1,0.061101556,0.93889844,1
84,3rd,female,18.0,0,0,6.75,0,0.39776134,0.60223865,1
899,3rd,male,,0,0,7.25,0,0.88373595,0.11626406,0
923,3rd,female,,1,0,15.5,1,0.41590643,0.5840936,1
1282,3rd,female,,8,2,69.55,0,0.89586353,0.10413644,0
841,3rd,female,,0,0,7.6292,0,0.39776134,0.60223865,1
1137,1st,male,41.0,0,0,30.5,0,0.63639235,0.36360767,0
263,3rd,male,,0,0,7.2292,0,0.88373595,0.11626406,0
264,2nd,male,43.0,1,1,26.25,0,0.6376713,0.3623287,0
327,2nd,male,44.0,0,0,13.0,0,0.80440944,0.19559056,0
1222,1st,male,29.0,0,0,30.0,0,0.63639235,0.36360767,0
870,2nd,male,60.0,1,1,39.0,0,0.6376713,0.3623287,0
1195,2nd,male,18.5,0,0,13.0,0,0.80440944,0.19559056,0
733,1st,male,31.0,1,0,52.0,0,0.65360886,0.34639114,0
1244,1st,male,30.0,0,0,27.75,0,0.63639235,0.36360767,0
1275,3rd,male,,0,0,7.8958,0,0.88373595,0.11626406,0
145,1st,female,50.0,0,0,28.7125,0,0.13200384,0.86799616,1
1206,3rd,male,,0,0,7.55,0,0.88373595,0.11626406,0
355,1st,male,35.0,0,0,512.3292,1,0.63639235,0.36360767,0
1084,1st,male,57.0,1,1,164.8667,0,0.42823052,0.5717695,1
761,3rd,male,,0,0,7.55,0,0.88373595,0.11626406,0
722,3rd,female,5.0,2,1,19.2583,1,0.25952232,0.7404777,1
773,1st,male,49.0,1,0,56.9292,1,0.65360886,0.34639114,0
810,1st,male,60.0,0,0,26.55,0,0.63639235,0.36360767,0
1025,3rd,male,,0,0,7.0,0,0.88373595,0.11626406,0
235,3rd,male,24.0,0,0,7.775,0,0.88373595,0.11626406,0
842,3rd,male,35.0,0,0,7.05,0,0.88373595,0.11626406,0
200,3rd,male,,0,0,7.8958,0,0.88373595,0.11626406,0
584,1st,male,58.0,0,2,113.275,0,0.52881634,0.4711837,1
397,1st,male,36.0,0,0,26.2875,1,0.63639235,0.36360767,0
725,3rd,female,22.0,2,0,8.6625,0,0.4689306,0.5310694,1
1102,3rd,female,37.0,0,0,9.5875,0,0.39776134,0.60223865,1
473,3rd,female,,0,2,22.3583,1,0.29751736,0.70248264,1
795,3rd,male,12.0,1,0,11.2417,1,0.8912424,0.108757585,0
324,3rd,male,51.0,0,0,7.75,0,0.88373595,0.11626406,0
926,3rd,male,18.0,0,0,7.775,0,0.88373595,0.11626406,0
705,1st,female,33.0,1,0,53.1,1,0.14086121,0.8591388,1
901,3rd,male,,1,0,7.75,0,0.8912424,0.108757585,0
77,2nd,male,19.0,0,0,10.5,0,0.80440944,0.19559056,0
289,3rd,male,,0,0,7.225,0,0.88373595,0.11626406,0
530,1st,female,18.0,2,2,262.375,1,0.11533797,0.88466203,1
262,1st,female,,1,0,133.65,1,0.14086121,0.8591388,1
395,3rd,male,,0,0,56.4958,1,0.88373595,0.11626406,0
632,1st,male,,0,0,29.7,1,0.63639235,0.36360767,0
1021,1st,female,,1,0,51.8625,1,0.14086121,0.8591388,1
554,2nd,female,27.0,0,0,10.5,1,0.26327592,0.7367241,1
47,3rd,male,18.0,0,0,7.7958,0,0.88373595,0.11626406,0
44,3rd,male,23.0,0,0,7.7958,1,0.88373595,0.11626406,0
112,1st,male,54.0,1,0,55.4417,1,0.65360886,0.34639114,0
917,3rd,female,,0,0,7.75,1,0.39776134,0.60223865,1
813,3rd,male,20.0,1,1,15.7417,1,0.7648544,0.23514563,0
1061,2nd,male,0.8333,0,2,29.0,1,0.7250673,0.27493268,0
678,1st,male,11.0,1,2,120.0,1,0.5475048,0.45249525,1
726,3rd,male,,1,1,15.2458,1,0.7648544,0.23514563,0
1245,2nd,female,1.0,1,2,41.5792,1,0.19810879,0.8018912,1
1116,3rd,female,18.0,0,1,9.35,1,0.20770478,0.7922952,1
541,1st,female,18.0,1,0,53.1,1,0.14086121,0.8591388,1
885,1st,female,27.0,1,1,247.5208,1,0.061101556,0.93889844,1
275,2nd,female,60.0,1,0,26.0,0,0.2781192,0.7218808,1
469,3rd,male,32.5,0,0,9.5,0,0.88373595,0.11626406,0
1167,3rd,male,43.0,0,0,6.45,0,0.88373595,0.11626406,0
52,2nd,male,62.0,0,0,9.6875,0,0.80440944,0.19559056,0
878,2nd,female,7.0,0,2,26.25,1,0.18643284,0.81356716,1
40,1st,male,61.0,0,0,33.5,0,0.63639235,0.36360767,0
1177,3rd,female,21.0,0,0,8.6625,0,0.39776134,0.60223865,1
132,2nd,female,14.0,1,0,30.0708,1,0.2781192,0.7218808,1
762,2nd,male,32.0,1,0,26.0,1,0.815971,0.18402895,0
621,1st,male,46.0,0,0,79.2,0,0.63639235,0.36360767,0
905,1st,male,,0,0,50.0,0,0.63639235,0.36360767,0
970,2nd,male,28.0,0,0,10.5,0,0.80440944,0.19559056,0
81,1st,female,48.0,1,0,39.6,1,0.14086121,0.8591388,1
818,1st,male,45.0,1,0,83.475,0,0.65360886,0.34639114,0
1157,3rd,female,27.0,0,0,7.925,1,0.39776134,0.60223865,1
727,3rd,male,,0,0,7.2292,0,0.88373595,0.11626406,0
628,3rd,male,21.0,0,0,7.8208,1,0.88373595,0.11626406,0
502,3rd,female,14.0,0,0,7.8542,0,0.39776134,0.60223865,1
178,1st,male,62.0,0,0,26.55,0,0.63639235,0.36360767,0
889,3rd,female,22.0,0,0,39.6875,0,0.39776134,0.60223865,1
124,3rd,male,25.0,0,0,7.05,0,0.88373595,0.11626406,0
891,3rd,female,2.0,3,2,27.9,0,0.5995004,0.40049958,1
1055,3rd,male,33.0,0,0,8.6542,0,0.88373595,0.11626406,0
1307,1st,female,39.0,1,0,55.9,1,0.14086121,0.8591388,1
195,3rd,male,19.0,0,0,10.1708,0,0.88373595,0.11626406,0
412,3rd,male,,0,0,24.15,0,0.88373595,0.11626406,0
320,3rd,male,21.0,0,0,7.225,0,0.88373595,0.11626406,0
317,2nd,male,30.0,0,0,12.7375,1,0.80440944,0.19559056,0
371,3rd,male,,0,0,8.7125,0,0.88373595,0.11626406,0
270,1st,male,47.0,1,0,227.525,0,0.65360886,0.34639114,0
786,1st,male,,0,0,42.4,0,0.63639235,0.36360767,0
1111,2nd,female,24.0,0,2,14.5,1,0.18643284,0.81356716,1
343,3rd,male,,0,0,7.55,0,0.88373595,0.11626406,0
914,3rd,male,25.0,0,0,7.925,0,0.88373595,0.11626406,0
62,3rd,male,21.0,0,0,7.7958,1,0.88373595,0.11626406,0
1295,2nd,male,32.0,2,0,73.5,0,0.8461149,0.15388516,0
942,3rd,female,1.0,1,1,11.1333,1,0.22035217,0.7796478,1
1078,3rd,female,31.0,0,0,8.6833,1,0.39776134,0.60223865,1
221,3rd,female,22.0,1,1,12.2875,1,0.22035217,0.7796478,1
82,1st,male,,0,0,25.925,0,0.63639235,0.36360767,0
976,2nd,male,18.0,0,0,10.5,0,0.80440944,0.19559056,0
1226,1st,male,55.0,0,0,30.5,0,0.63639235,0.36360767,0
220,1st,male,30.0,1,0,57.75,1,0.65360886,0.34639114,0
354,2nd,female,20.0,2,1,23.0,1,0.159405,0.840595,1
368,3rd,male,4.0,3,2,27.9,0,0.9451364,0.054863565,0
751,3rd,male,,0,0,7.75,0,0.88373595,0.11626406,0
340,2nd,male,42.0,0,0,13.0,0,0.80440944,0.19559056,0
1002,3rd,male,6.0,1,1,15.2458,0,0.7648544,0.23514563,0
745,3rd,male,,0,0,56.4958,1,0.88373595,0.11626406,0
491,3rd,female,,0,0,7.8792,1,0.39776134,0.60223865,1
1103,1st,female,18.0,0,2,79.65,1,0.08885449,0.9111455,1
33,3rd,female,27.0,1,0,7.925,0,0.41590643,0.5840936,1
392,1st,male,60.0,1,1,79.2,1,0.42823052,0.5717695,1
729,2nd,female,24.0,1,1,37.0042,1,0.13263893,0.86736107,1
418,2nd,male,1.0,2,1,39.0,1,0.6857736,0.3142264,0
809,2nd,male,20.0,0,0,13.8625,1,0.80440944,0.19559056,0
1106,3rd,male,7.0,1,1,15.2458,1,0.7648544,0.23514563,0
293,3rd,male,,0,0,7.2292,0,0.88373595,0.11626406,0
674,3rd,male,,0,0,7.225,0,0.88373595,0.11626406,0
992,3rd,male,,0,0,7.8958,0,0.88373595,0.11626406,0
434,1st,male,47.0,0,0,38.5,0,0.63639235,0.36360767,0
603,3rd,male,1.0,5,2,46.9,0,0.9693752,0.030624779,0
41,3rd,male,,0,0,7.8958,0,0.88373595,0.11626406,0
496,3rd,male,32.0,0,0,8.3625,0,0.88373595,0.11626406,0
255,3rd,female,18.0,0,1,14.4542,0,0.20770478,0.7922952,1
206,3rd,male,19.0,0,0,7.8958,0,0.88373595,0.11626406,0
1162,2nd,male,14.0,0,0,65.0,0,0.80440944,0.19559056,0
1149,1st,male,64.0,1,4,263.0,0,0.97558916,0.024410864,0
1196,2nd,male,37.0,1,0,26.0,0,0.815971,0.18402895,0
690,3rd,male,20.5,0,0,7.25,0,0.88373595,0.11626406,0
1286,1st,male,31.0,0,0,28.5375,1,0.63639235,0.36360767,0
384,1st,male,37.0,0,1,29.7,0,0.4099251,0.5900749,1
1053,3rd,female,15.0,1,0,14.4542,1,0.41590643,0.5840936,1
377,1st,female,26.0,1,0,136.7792,1,0.14086121,0.8591388,1
645,3rd,male,25.0,0,0,7.65,1,0.88373595,0.11626406,0
613,2nd,female,4.0,2,1,39.0,1,0.159405,0.840595,1
253,3rd,male,21.0,1,0,6.4958,0,0.8912424,0.108757585,0
1140,2nd,male,25.0,0,0,10.5,0,0.80440944,0.19559056,0
122,3rd,male,28.0,2,0,7.925,0,0.9104105,0.08958948,0
1187,3rd,male,,0,0,8.05,0,0.88373595,0.11626406,0
410,3rd,male,,0,0,7.8958,0,0.88373595,0.11626406,0
332,3rd,female,,1,1,22.3583,1,0.22035217,0.7796478,1
911,1st,male,30.0,0,0,26.0,0,0.63639235,0.36360767,0
593,3rd,male,2.0,4,1,29.125,0,0.93054306,0.069456965,0
380,2nd,female,30.0,3,0,21.0,1,0.55811644,0.44188353,1
1238,3rd,male,,1,2,23.45,0,0.84012365,0.15987635,0
1297,1st,female,15.0,0,1,211.3375,1,0.056927144,0.94307285,1
115,3rd,male,33.0,0,0,7.8542,0,0.88373595,0.11626406,0
13,2nd,male,23.0,0,0,10.5,0,0.80440944,0.19559056,0
980,3rd,female,15.0,0,0,7.225,1,0.39776134,0.60223865,1
433,3rd,male,23.5,0,0,7.2292,0,0.88373595,0.11626406,0
910,1st,male,6.0,0,2,134.5,1,0.52881634,0.4711837,1
610,2nd,male,16.0,0,0,26.0,0,0.80440944,0.19559056,0
1171,3rd,male,,0,0,8.05,0,0.88373595,0.11626406,0
290,2nd,male,34.0,0,0,13.0,0,0.80440944,0.19559056,0
637,2nd,male,30.0,0,0,13.0,0,0.80440944,0.19559056,0
1246,2nd,female,36.0,0,0,13.0,1,0.26327592,0.7367241,1
1051,3rd,male,,0,0,14.4583,0,0.88373595,0.11626406,0
375,3rd,male,,0,0,7.8958,0,0.88373595,0.11626406,0
1200,3rd,female,43.0,1,6,46.9,0,0.8391834,0.1608166,0
669,1st,female,50.0,0,1,247.5208,1,0.056927144,0.94307285,1
789,2nd,male,43.0,0,1,21.0,0,0.620123,0.379877,0
170,1st,female,36.0,0,0,135.6333,1,0.13200384,0.86799616,1
969,1st,female,54.0,1,0,59.4,1,0.14086121,0.8591388,1
909,3rd,male,22.0,0,0,8.05,0,0.88373595,0.11626406,0
641,2nd,male,39.0,0,0,13.0,0,0.80440944,0.19559056,0
754,3rd,female,,0,0,7.7333,1,0.39776134,0.60223865,1
45,3rd,male,22.0,0,0,7.125,0,0.88373595,0.11626406,0
894,3rd,female,32.0,1,1,15.5,0,0.22035217,0.7796478,1
167,3rd,male,29.0,0,0,7.925,0,0.88373595,0.11626406,0
605,3rd,male,2.0,4,1,39.6875,0,0.93054306,0.069456965,0
1068,1st,male,27.0,0,0,30.5,1,0.63639235,0.36360767,0
1150,1st,female,35.0,1,0,83.475,1,0.14086121,0.8591388,1
301,3rd,male,,0,0,8.05,0,0.88373595,0.11626406,0
999,2nd,male,,0,0,0.0,0,0.80440944,0.19559056,0
907,3rd,male,21.0,0,0,7.8958,0,0.88373595,0.11626406,0
696,3rd,female,35.0,1,1,20.25,1,0.22035217,0.7796478,1
456,3rd,female,17.0,0,0,7.7333,0,0.39776134,0.60223865,1
197,3rd,male,32.0,0,0,7.8542,1,0.88373595,0.11626406,0
1117,1st,female,45.0,1,0,52.5542,1,0.14086121,0.8591388,1
481,3rd,male,19.0,0,0,8.1583,0,0.88373595,0.11626406,0
441,3rd,female,25.0,1,0,7.925,0,0.41590643,0.5840936,1
261,1st,male,27.0,1,0,136.7792,0,0.65360886,0.34639114,0
962,3rd,male,25.0,1,0,7.775,1,0.8912424,0.108757585,0
508,1st,female,,1,0,82.1708,1,0.14086121,0.8591388,1
1284,2nd,male,36.0,0,0,13.0,0,0.80440944,0.19559056,0
599,1st,male,,0,0,26.55,0,0.63639235,0.36360767,0
91,2nd,male,,0,0,0.0,0,0.80440944,0.19559056,0
266,3rd,female,0.1667,1,2,20.575,1,0.31346977,0.68653023,1
659,3rd,male,20.0,0,0,8.6625,0,0.88373595,0.11626406,0
1205,2nd,female,42.0,1,0,26.0,1,0.2781192,0.7218808,1
750,2nd,female,28.0,1,0,26.0,1,0.2781192,0.7218808,1
1159,3rd,male,26.0,0,0,7.8958,0,0.88373595,0.11626406,0
276,1st,male,39.0,0,0,29.7,0,0.63639235,0.36360767,0
822,3rd,male,41.0,2,0,14.1083,0,0.9104105,0.08958948,0
152,3rd,male,31.0,3,0,18.0,0,0.96411276,0.035887238,0
757,3rd,female,,0,2,7.75,0,0.29751736,0.70248264,1
226,3rd,male,18.0,0,0,7.75,0,0.88373595,0.11626406,0
370,1st,female,29.0,0,0,211.3375,1,0.13200384,0.86799616,1
1134,1st,male,0.9167,1,2,151.55,1,0.5475048,0.45249525,1
1087,3rd,male,,8,2,69.55,0,0.9900006,0.009999385,0
1001,3rd,male,,0,0,7.2292,0,0.88373595,0.11626406,0
752,1st,female,44.0,0,1,57.9792,1,0.056927144,0.94307285,1
8,2nd,male,30.0,0,0,13.0,0,0.80440944,0.19559056,0
521,3rd,female,,0,0,7.7792,1,0.39776134,0.60223865,1
775,2nd,male,16.0,0,0,10.5,0,0.80440944,0.19559056,0
25,3rd,female,47.0,1,0,7.0,1,0.41590643,0.5840936,1
96,1st,female,54.0,1,0,78.2667,1,0.14086121,0.8591388,1
566,3rd,male,,1,0,15.5,0,0.8912424,0.108757585,0
958,1st,male,,0,0,35.0,0,0.63639235,0.36360767,0
898,3rd,male,,0,0,15.1,0,0.88373595,0.11626406,0
1074,1st,male,27.0,0,0,76.7292,1,0.63639235,0.36360767,0
658,3rd,female,22.0,0,0,7.25,1,0.39776134,0.60223865,1
1188,1st,male,44.0,2,0,90.0,0,0.7005888,0.2994112,0
739,3rd,male,11.0,5,2,46.9,0,0.9693752,0.030624779,0
501,3rd,male,,0,0,7.75,0,0.88373595,0.11626406,0
558,3rd,male,,0,0,7.75,0,0.88373595,0.11626406,0
1096,1st,male,54.0,0,0,51.8625,0,0.63639235,0.36360767,0
213,3rd,female,,0,0,7.75,0,0.39776134,0.60223865,1
681,3rd,male,35.0,0,0,7.8958,0,0.88373595,0.11626406,0
821,3rd,male,25.0,0,0,0.0,1,0.88373595,0.11626406,0
1214,3rd,male,16.0,1,1,20.25,0,0.7648544,0.23514563,0
772,2nd,male,,0,0,0.0,0,0.80440944,0.19559056,0
1269,1st,female,,0,0,110.8833,1,0.13200384,0.86799616,1
1261,3rd,male,32.0,1,0,15.85,0,0.8912424,0.108757585,0
639,1st,female,51.0,1,0,77.9583,1,0.14086121,0.8591388,1
699,3rd,female,,0,0,7.8792,1,0.39776134,0.60223865,1
856,3rd,male,47.0,0,0,7.25,0,0.88373595,0.11626406,0
381,1st,male,42.0,0,0,26.55,0,0.63639235,0.36360767,0
1113,2nd,male,22.0,0,0,10.5,1,0.80440944,0.19559056,0
1056,3rd,male,21.0,0,0,7.25,0,0.88373595,0.11626406,0
883,3rd,female,,8,2,69.55,0,0.89586353,0.10413644,0
602,3rd,male,,0,0,7.8958,0,0.88373595,0.11626406,0
435,1st,male,36.0,1,0,78.85,0,0.65360886,0.34639114,0
1069,2nd,male,24.0,2,0,73.5,0,0.8461149,0.15388516,0
1034,3rd,female,13.0,0,0,7.2292,1,0.39776134,0.60223865,1
600,2nd,male,41.0,0,0,13.0,0,0.80440944,0.19559056,0
492,3rd,male,21.0,0,0,7.7333,0,0.88373595,0.11626406,0
561,3rd,male,0.8333,0,1,9.35,1,0.7510611,0.24893889,0
831,2nd,female,13.0,0,1,19.5,1,0.12422383,0.8757762,1
374,2nd,male,38.0,1,0,21.0,0,0.815971,0.18402895,0
697,3rd,male,,0,0,7.225,0,0.88373595,0.11626406,0
217,3rd,female,,0,0,7.8292,1,0.39776134,0.60223865,1
816,1st,male,,0,0,26.55,0,0.63639235,0.36360767,0
1104,2nd,male,27.0,0,0,15.0333,0,0.80440944,0.19559056,0
459,1st,female,,1,0,89.1042,1,0.14086121,0.8591388,1
591,3rd,male,24.0,0,0,8.05,0,0.88373595,0.11626406,0
1128,3rd,female,24.0,0,0,8.85,0,0.39776134,0.60223865,1
88,1st,male,35.0,0,0,26.55,1,0.63639235,0.36360767,0
296,3rd,male,24.0,0,0,8.6625,0,0.88373595,0.11626406,0
1093,2nd,male,32.5,1,0,30.0708,0,0.815971,0.18402895,0
1263,3rd,male,,1,0,16.1,0,0.8912424,0.108757585,0
864,3rd,male,,0,0,7.75,0,0.88373595,0.11626406,0
946,3rd,male,,2,0,21.6792,0,0.9104105,0.08958948,0
2,3rd,female,15.0,0,0,8.0292,1,0.39776134,0.60223865,1
1247,3rd,female,,0,0,14.5,0,0.39776134,0.60223865,1
1114,3rd,male,20.0,0,0,4.0125,0,0.88373595,0.11626406,0
862,1st,female,39.0,1,1,79.65,1,0.061101556,0.93889844,1
835,3rd,male,18.5,0,0,7.2292,0,0.88373595,0.11626406,0
812,3rd,male,44.0,0,0,8.05,0,0.88373595,0.11626406,0
