Passenger_Id,pclass,sex,age,sibsp,parch,fare,survived
648,3rd,female,22.0,0,0,7.75,1
391,3rd,male,16.0,1,3,34.375,0
351,1st,female,49.0,1,0,76.7292,1
1163,3rd,female,24.0,0,0,7.75,0
105,3rd,female,18.0,0,0,9.8417,1
516,1st,female,22.0,0,0,151.55,1
693,3rd,male,22.0,0,0,7.7958,0
585,2nd,female,4.0,1,1,23.0,1
173,3rd,male,,0,0,8.05,0
120,1st,male,34.0,0,0,26.55,1
1178,3rd,male,27.0,0,0,8.6625,0
1145,3rd,male,20.0,0,0,7.2292,1
74,3rd,male,,0,0,8.05,0
755,3rd,male,8.0,4,1,29.125,0
1088,1st,male,24.0,1,0,60.0,0
1299,1st,male,36.0,0,0,40.125,0
760,2nd,male,28.0,0,0,10.5,0
825,3rd,male,34.5,0,0,7.8292,0
223,3rd,male,,0,0,8.05,0
1160,2nd,female,8.0,1,1,26.0,1
797,3rd,male,19.0,0,0,7.775,0
166,1st,female,22.0,1,0,66.6,1
420,3rd,male,48.0,0,0,7.8542,0
924,3rd,male,27.0,0,0,7.7958,1
1243,2nd,female,36.0,0,0,13.0,1
346,3rd,male,19.0,0,0,7.8958,0
1016,3rd,male,,0,0,7.75,0
1030,1st,male,,0,0,221.7792,0
240,3rd,male,,0,0,7.2292,0
1041,3rd,female,21.0,0,0,7.75,0
880,3rd,female,45.0,0,0,7.75,0
977,2nd,male,2.0,1,1,26.0,1
24,3rd,male,20.0,0,0,7.925,1
308,3rd,male,70.5,0,0,7.75,0
1296,1st,male,37.0,1,1,52.5542,1
902,3rd,male,26.0,2,0,8.6625,0
707,2nd,female,57.0,0,0,10.5,0
272,3rd,male,33.0,0,0,9.5,0
994,2nd,male,34.0,0,0,13.0,0
668,1st,male,28.0,0,0,26.55,1
753,3rd,male,50.0,1,0,14.5,0
544,3rd,male,,0,0,6.4375,0
123,1st,female,39.0,0,0,108.9,1
1236,3rd,male,28.0,0,0,7.8958,0
852,3rd,female,,0,0,7.75,0
185,2nd,male,35.0,0,0,26.0,0
959,3rd,male,23.0,1,0,13.9,0
372,3rd,male,16.0,0,0,8.05,0
1115,3rd,male,34.0,0,0,8.05,0
31,2nd,male,28.0,0,0,26.0,0
369,3rd,female,39.0,0,5,29.125,0
698,2nd,male,18.0,0,0,13.0,0
291,1st,male,57.0,1,0,146.5208,0
975,1st,male,30.0,1,2,151.55,0
949,1st,female,50.0,1,1,211.5,1
1292,3rd,male,44.0,0,1,16.1,0
489,1st,male,,0,0,30.0,1
428,1st,male,18.0,1,0,108.9,0
601,1st,female,42.0,0,0,227.525,1
1225,3rd,female,22.0,0,0,8.9625,1
158,3rd,female,,0,0,8.1375,0
670,2nd,female,30.0,0,0,13.0,1
559,2nd,female,18.0,0,1,23.0,1
34,2nd,male,62.0,0,0,10.5,1
1017,3rd,female,10.0,0,2,24.15,0
464,3rd,female,17.0,0,1,16.1,1
799,3rd,male,21.0,0,0,7.75,0
728,3rd,male,26.0,1,0,14.4542,0
232,3rd,male,,0,0,7.8875,1
138,3rd,female,31.0,0,0,7.8542,0
695,3rd,female,18.0,0,0,7.775,1
58,3rd,female,5.0,0,0,12.475,1
1022,3rd,male,18.0,0,0,8.3,0
918,3rd,male,22.0,1,0,7.25,0
242,3rd,male,22.0,0,0,7.8958,0
730,3rd,male,,0,0,7.225,0
5,3rd,male,20.0,1,0,7.925,1
1073,3rd,male,3.0,4,2,31.3875,1
1208,1st,female,30.0,0,0,164.8667,1
1210,1st,female,22.0,0,1,61.9792,1
916,2nd,female,26.0,1,1,26.0,0
897,2nd,male,19.0,0,0,13.0,0
100,3rd,female,,0,0,8.05,0
479,2nd,male,48.0,0,0,13.0,0
868,3rd,male,21.0,0,0,7.8542,0
1035,3rd,female,,0,0,7.7375,1
837,3rd,male,,0,0,7.75,1
1119,2nd,male,66.0,0,0,10.5,0
307,1st,female,39.0,1,1,83.1583,1
586,2nd,female,29.0,0,2,23.0,1
1006,1st,male,33.0,0,0,26.55,0
60,1st,female,37.0,1,0,90.0,1
1153,3rd,male,,1,0,24.15,0
141,1st,female,58.0,0,1,512.3292,1
1024,3rd,male,17.0,2,0,8.05,0
215,3rd,male,,0,0,7.75,0
1168,1st,male,48.0,1,0,76.7292,1
50,3rd,male,16.0,0,0,9.5,0
832,1st,female,,1,0,52.0,1
906,3rd,male,26.0,1,2,20.575,0
560,1st,male,,0,0,51.8625,0
1267,2nd,female,36.0,0,3,39.0,1
1193,3rd,female,18.0,0,0,8.05,1
717,2nd,male,,0,0,10.7083,0
590,2nd,female,41.0,0,1,19.5,1
18,3rd,male,40.0,1,1,15.5,0
527,3rd,male,20.0,0,0,7.225,0
402,3rd,male,16.0,0,0,9.2167,0
230,3rd,female,21.0,2,2,34.375,0
886,1st,male,64.0,1,0,75.25,0
42,3rd,female,21.0,1,0,9.825,0
796,3rd,female,4.0,1,1,16.7,1
1014,3rd,male,28.0,1,0,15.85,0
551,3rd,male,26.0,1,0,7.8542,0
1089,3rd,male,27.0,0,0,7.8958,0
486,1st,female,59.0,2,0,51.4792,1
387,3rd,male,,0,0,7.8958,0
594,3rd,male,,0,0,7.2292,0
472,1st,male,32.0,0,0,30.5,1
929,2nd,female,22.0,0,0,21.0,0
436,3rd,male,24.5,0,0,8.05,0
476,1st,male,38.0,0,0,0.0,0
1098,3rd,male,16.0,0,0,8.05,1
458,1st,male,,0,0,0.0,0
941,1st,male,23.0,0,1,63.3583,1
1212,2nd,female,15.0,0,2,39.0,1
503,3rd,male,51.0,0,0,7.0542,0
631,1st,male,25.0,1,0,91.0792,1
616,1st,female,,1,0,146.5208,1
1143,2nd,female,32.0,0,0,13.0,1
732,1st,male,53.0,1,1,81.8583,1
997,2nd,male,32.0,0,0,13.5,0
866,2nd,female,31.0,0,0,21.0,1
455,3rd,female,22.0,0,0,7.775,1
51,2nd,male,40.0,0,0,13.0,0
776,3rd,female,19.0,1,0,16.1,0
431,3rd,male,25.0,0,0,7.7958,1
1228,3rd,female,,8,2,69.55,0
1144,3rd,male,,2,0,21.6792,0
165,3rd,female,45.0,1,0,14.1083,1
919,2nd,male,29.0,0,0,13.8583,1
827,2nd,female,20.0,1,0,26.0,1
1213,3rd,female,36.0,0,2,15.9,1
367,3rd,female,,2,0,23.25,1
23,1st,male,48.0,0,0,26.55,1
85,3rd,female,9.0,1,1,15.2458,1
595,1st,male,,0,0,39.6,0
225,3rd,female,4.0,0,2,22.025,1
208,2nd,female,3.0,1,2,41.5792,1
483,3rd,male,,0,0,7.75,0
1142,3rd,male,,0,0,8.05,0
787,3rd,male,25.0,0,0,7.2292,1
1174,3rd,female,,1,0,14.4583,0
1309,3rd,female,41.0,0,2,20.2125,0
1081,1st,male,67.0,1,0,221.7792,0
404,2nd,male,42.0,0,0,13.0,1
310,3rd,male,36.0,1,1,24.15,0
482,2nd,male,49.0,1,2,65.0,0
801,2nd,female,28.0,0,0,13.0,1
1099,3rd,male,,0,0,7.7292,0
782,1st,male,13.0,2,2,262.375,1
181,1st,female,24.0,0,0,69.3,1
673,1st,male,36.0,0,0,26.3875,1
1131,3rd,female,,0,0,7.75,0
116,3rd,male,24.0,0,0,8.05,0
803,1st,male,,0,0,26.55,1
1197,3rd,female,,0,0,8.05,1
845,3rd,female,16.0,0,0,7.65,1
429,2nd,male,29.0,1,0,21.0,0
413,3rd,female,18.0,0,0,7.775,0
224,3rd,female,4.0,0,1,13.4167,1
557,3rd,female,9.0,3,2,27.9,0
1221,3rd,male,30.0,0,0,7.225,0
1272,2nd,female,,0,0,12.35,1
839,3rd,male,,0,0,7.575,0
687,3rd,male,,0,0,7.8958,0
480,1st,male,28.0,0,0,47.1,0
121,1st,male,40.0,0,0,31.0,1
518,3rd,female,,0,2,15.2458,0
1023,3rd,female,,0,0,7.8792,1
190,2nd,male,42.0,1,0,27.0,0
67,3rd,male,33.0,0,0,8.05,0
460,3rd,male,,0,0,7.775,0
365,2nd,male,29.0,0,0,10.5,0
373,1st,male,49.0,0,0,0.0,1
1158,2nd,male,3.0,1,1,26.0,1
1135,3rd,male,22.0,0,0,7.775,0
847,3rd,female,,0,0,7.75,1
872,2nd,male,25.0,0,0,10.5,0
777,3rd,male,26.0,0,0,7.775,0
414,1st,female,36.0,0,0,262.375,1
339,3rd,male,,0,0,7.2292,1
1130,3rd,male,43.0,0,0,8.05,0
393,1st,female,28.0,3,2,263.0,1
1136,3rd,male,,0,0,7.75,0
1046,3rd,male,9.0,1,1,15.9,1
499,1st,female,19.0,1,0,91.0792,1
570,2nd,female,24.0,1,2,65.0,1
358,1st,female,33.0,0,0,86.5,1
533,3rd,male,32.0,0,0,7.925,0
474,3rd,male,32.0,0,0,56.4958,1
186,1st,female,63.0,1,0,221.7792,0
216,3rd,male,,0,0,7.75,1
747,2nd,female,34.0,0,0,13.0,1
1148,3rd,male,,0,0,8.05,0
184,3rd,male,24.0,1,0,16.1,0
630,2nd,male,25.0,0,0,13.0,0
877,2nd,male,29.0,1,0,27.7208,0
1165,3rd,male,,0,0,8.05,0
316,3rd,male,38.0,0,0,7.8958,0
633,1st,female,55.0,0,0,135.6333,1
1032,2nd,female,19.0,0,0,26.0,1
349,3rd,male,45.5,0,0,7.225,0
1204,2nd,male,52.0,0,0,13.5,0
649,3rd,male,27.0,0,0,7.8542,0
1279,1st,male,48.0,0,0,50.4958,0
451,2nd,female,40.0,0,0,15.75,1
283,2nd,male,36.0,0,0,13.0,0
955,3rd,male,20.0,0,0,8.05,0
133,2nd,male,1.0,0,2,37.0042,1
759,1st,male,56.0,0,0,26.55,0
1281,3rd,female,0.75,2,1,19.2583,1
169,2nd,male,32.0,0,0,10.5,0
965,3rd,male,30.0,0,0,7.25,0
163,1st,male,61.0,1,3,262.375,0
252,2nd,female,38.0,0,0,13.0,0
1219,3rd,male,47.0,0,0,9.0,0
528,3rd,male,32.0,0,0,7.75,0
153,2nd,female,32.5,0,0,13.0,1
144,3rd,male,,0,0,8.6625,0
1090,3rd,female,29.0,1,1,10.4625,0
1287,1st,male,56.0,0,0,35.5,1
774,1st,female,45.0,0,1,63.3583,1
540,3rd,male,,0,0,7.725,0
46,3rd,male,39.0,0,0,24.15,0
448,3rd,male,14.0,0,0,9.225,1
1064,3rd,male,9.0,0,2,20.525,1
271,3rd,male,20.0,0,0,9.5,0
98,2nd,female,19.0,0,0,13.0,1
1065,3rd,female,,1,0,16.1,1
299,3rd,male,,1,1,15.2458,1
903,1st,male,55.0,1,1,93.5,0
978,1st,male,31.0,1,0,57.0,1
442,2nd,female,29.0,1,0,26.0,0
654,3rd,male,59.0,0,0,7.25,0
744,3rd,male,24.0,0,0,7.05,0
130,3rd,male,22.0,0,0,7.7958,0
443,3rd,male,20.0,0,0,9.8458,0
306,3rd,female,27.0,0,2,11.1333,1
298,1st,male,,0,0,30.6958,0
1278,3rd,male,19.0,0,0,0.0,0
623,2nd,male,,0,0,0.0,0
477,3rd,male,40.0,1,5,31.3875,0
626,3rd,female,,0,2,15.2458,1
505,3rd,female,16.0,5,2,46.9,0
863,3rd,male,25.0,0,0,7.25,0
1201,3rd,female,0.75,2,1,19.2583,1
876,3rd,male,28.0,0,0,22.525,0
1152,2nd,female,24.0,0,0,13.0,0
136,3rd,male,,0,0,14.5,0
1077,1st,male,36.0,0,0,75.2417,0
618,1st,male,24.0,0,1,247.5208,0
209,3rd,female,21.0,0,0,7.65,1
931,2nd,male,59.0,0,0,13.5,0
724,1st,female,19.0,0,2,26.2833,1
934,1st,male,,0,0,31.0,0
939,3rd,male,,0,0,8.05,0
164,3rd,male,30.0,0,0,9.5,1
887,3rd,female,28.0,1,1,14.4,0
545,3rd,male,32.0,0,0,8.05,0
1191,3rd,female,33.0,1,2,20.575,1
522,3rd,male,,1,0,19.9667,0
4,3rd,male,23.0,0,0,7.8542,0
1000,2nd,male,50.0,0,0,13.0,0
562,3rd,male,42.0,0,0,7.55,0
986,2nd,female,27.0,1,0,13.8583,1
995,3rd,male,9.0,4,2,31.3875,0
660,1st,male,52.0,0,0,30.5,1
567,3rd,female,23.0,0,0,8.05,1
1250,3rd,male,4.0,4,1,29.125,0
1249,1st,female,40.0,1,1,134.5,1
1139,3rd,male,26.0,0,0,7.775,1
635,2nd,male,24.0,0,0,10.5,1
982,1st,male,47.0,0,0,52.0,0
843,3rd,female,22.0,1,0,13.9,1
303,3rd,male,17.0,0,0,7.8958,0
737,3rd,male,,0,0,7.2292,0
288,1st,female,76.0,1,0,78.85,1
212,1st,male,4.0,0,2,81.8583,1
417,3rd,female,,0,0,8.1125,0
936,3rd,female,26.0,0,2,13.775,0
1175,3rd,female,,1,2,23.45,0
740,3rd,male,,0,0,7.8292,0
103,3rd,male,,0,0,7.8958,0
452,3rd,female,,0,0,7.225,1
746,3rd,male,22.0,0,0,7.25,0
336,2nd,male,57.0,0,0,13.0,0
1217,3rd,male,,0,0,7.225,0
1019,3rd,male,34.5,0,0,6.4375,0
449,2nd,female,12.0,0,0,15.75,1
706,3rd,male,,0,0,7.8958,0
824,3rd,male,,3,1,25.4667,0
63,2nd,female,25.0,1,1,30.0,1
666,1st,male,50.0,1,0,55.9,0
394,3rd,male,,1,2,23.45,0
713,2nd,female,8.0,0,2,26.25,1
517,3rd,male,32.0,0,0,7.775,1
1190,3rd,male,39.0,0,1,13.4167,1
1229,3rd,female,18.0,0,0,7.2292,1
973,1st,female,35.0,0,0,512.3292,1
1285,1st,male,40.0,0,0,0.0,0
686,3rd,male,,0,0,7.05,1
865,2nd,male,27.0,0,0,13.0,0
1082,3rd,male,18.0,1,0,6.4958,0
523,3rd,male,24.0,0,0,7.1417,1
234,2nd,male,30.0,1,1,26.0,0
35,2nd,male,40.0,1,0,26.0,0
405,3rd,male,24.0,0,0,7.8958,0
833,2nd,female,31.0,0,0,21.0,1
943,3rd,male,24.0,0,0,9.5,0
362,1st,male,,0,0,39.6,1
1242,3rd,male,28.0,0,0,7.8542,0
807,3rd,female,26.0,0,0,7.925,1
28,3rd,male,22.0,0,0,9.35,0
97,2nd,male,33.0,0,0,12.275,0
1052,3rd,female,37.0,0,0,7.75,0
692,2nd,female,19.0,1,0,26.0,1
386,1st,male,36.0,0,1,512.3292,1
196,2nd,male,21.0,2,0,73.5,0
716,3rd,female,45.0,0,1,14.4542,0
183,3rd,female,30.0,0,0,8.6625,0
884,3rd,female,1.0,1,1,16.7,1
331,3rd,female,16.0,1,1,8.5167,1
715,3rd,male,20.0,0,0,7.925,0
239,1st,male,,0,0,26.0,0
249,3rd,male,,0,0,7.225,0
344,1st,female,24.0,0,0,49.5042,1
683,1st,female,16.0,0,1,39.4,1
93,2nd,female,50.0,0,1,26.0,1
664,3rd,male,,0,0,7.8958,0
851,1st,female,49.0,0,0,25.9292,1
1031,1st,female,48.0,1,1,79.2,1
1302,2nd,male,34.0,1,0,26.0,0
269,2nd,female,50.0,0,0,10.5,1
792,3rd,male,0.3333,0,2,14.4,0
139,3rd,male,19.0,0,0,7.8958,0
928,1st,female,17.0,1,0,108.9,1
511,1st,female,22.0,0,1,55.0,1
364,2nd,male,24.0,2,0,31.5,0
859,3rd,female,47.0,1,0,14.5,0
549,1st,male,42.0,0,0,26.2875,1
131,3rd,female,29.0,0,4,21.075,0
1253,2nd,female,24.0,1,0,27.7208,1
846,1st,male,17.0,0,0,47.1,0
953,2nd,female,24.0,1,0,26.0,1
378,2nd,male,18.0,0,0,73.5,0
75,3rd,male,,1,1,14.5,0
791,3rd,male,34.0,0,0,8.05,0
565,1st,male,,0,0,227.525,0
981,3rd,female,,1,0,15.5,0
1066,2nd,male,54.0,0,0,26.0,0
1010,2nd,male,25.0,0,0,13.0,0
972,1st,female,58.0,0,1,153.4625,1
439,3rd,male,29.0,3,1,22.025,1
935,2nd,male,19.0,0,0,10.5,0
325,1st,male,71.0,0,0,34.6542,0
964,2nd,female,24.0,2,3,18.75,1
1169,2nd,male,18.0,0,0,11.5,0
504,1st,female,44.0,0,0,27.7208,1
1029,1st,female,40.0,0,0,153.4625,1
318,1st,male,47.0,0,0,42.4,0
400,3rd,male,7.0,4,1,29.125,0
248,3rd,male,36.0,0,0,0.0,0
187,3rd,female,30.0,0,0,12.475,1
743,1st,male,37.0,1,1,83.1583,0
1091,1st,male,28.0,0,0,35.5,1
148,3rd,male,29.0,0,0,7.75,1
682,1st,male,19.0,3,2,263.0,0
243,2nd,male,31.0,0,0,10.5,0
1215,3rd,male,36.0,0,0,7.4958,0
881,1st,female,27.0,1,2,52.0,1
650,2nd,male,18.0,0,0,11.5,0
620,3rd,male,24.0,0,0,7.25,0
467,3rd,male,26.0,0,0,7.8958,0
652,1st,female,51.0,0,1,39.4,1
675,1st,female,22.0,0,1,59.4,1
960,2nd,female,21.0,0,0,10.5,1
48,2nd,male,54.0,0,0,14.0,0
345,3rd,male,19.0,0,0,8.05,0
409,3rd,male,17.0,0,0,8.6625,0
83,3rd,male,29.0,0,0,9.5,1
1054,1st,male,55.0,1,0,59.4,0
988,2nd,male,,0,0,15.5792,0
231,2nd,female,25.0,0,1,26.0,1
146,3rd,male,43.0,0,0,7.8958,0
61,1st,male,45.0,0,0,35.5,0
1166,3rd,male,,0,0,56.4958,1
1277,2nd,male,34.0,1,0,21.0,0
512,2nd,female,40.0,1,1,39.0,1
574,3rd,male,,1,1,22.3583,1
422,3rd,male,32.0,0,0,7.925,1
546,3rd,female,,1,0,24.15,1
210,1st,male,35.0,0,0,26.2875,1
552,3rd,male,,0,0,7.8792,0
850,2nd,male,23.0,0,0,13.0,0
297,3rd,male,20.0,0,0,7.8542,0
259,3rd,male,16.0,2,0,18.0,0
550,3rd,male,3.0,1,1,15.9,1
596,2nd,male,24.0,0,0,10.5,0
177,3rd,female,,0,0,7.7208,1
1209,1st,male,49.0,0,0,26.0,0
281,3rd,male,22.0,0,0,7.5208,0
944,2nd,male,23.0,1,0,10.5,0
1223,3rd,female,23.0,0,0,7.8542,1
43,3rd,male,,0,0,7.8958,0
1234,3rd,male,36.0,1,0,15.55,0
353,3rd,male,19.0,0,0,14.5,0
267,3rd,male,11.5,1,1,14.5,0
440,3rd,female,30.0,0,0,7.6292,0
490,3rd,male,24.0,0,0,7.8542,0
3,2nd,male,26.0,1,1,29.0,1
487,2nd,male,,0,0,12.875,0
854,3rd,male,61.0,0,0,6.2375,0
514,1st,male,32.5,0,0,211.5,0
989,3rd,male,21.0,2,0,24.15,0
257,3rd,male,,0,0,8.05,0
1256,3rd,male,42.0,0,0,7.65,0
987,3rd,male,45.0,0,0,6.975,0
1049,3rd,male,74.0,0,0,7.775,0
219,3rd,female,27.0,0,1,12.475,1
1172,2nd,female,28.0,0,0,12.65,1
1270,2nd,male,18.0,0,0,73.5,0
360,3rd,male,41.0,0,0,7.125,0
869,3rd,male,,0,0,7.775,1
352,1st,male,58.0,0,0,29.7,0
606,2nd,female,17.0,0,0,10.5,1
118,1st,female,60.0,1,0,75.25,1
1151,3rd,male,,0,0,8.4583,0
137,3rd,male,25.0,0,0,7.65,0
525,2nd,female,34.0,0,0,10.5,1
1288,2nd,male,39.0,0,0,26.0,0
313,2nd,male,36.0,0,0,12.875,0
1305,2nd,male,26.0,0,0,13.0,0
245,2nd,female,,0,0,33.0,1
1086,3rd,male,,2,0,21.6792,0
1283,1st,female,63.0,1,0,77.9583,1
175,3rd,female,20.0,1,0,9.825,0
625,3rd,male,,0,0,14.5,0
419,3rd,male,33.0,0,0,8.6625,0
315,2nd,male,47.0,0,0,10.5,0
78,2nd,female,28.0,0,0,13.0,1
642,2nd,male,34.0,1,0,21.0,0
1060,3rd,male,17.0,0,0,8.6625,0
193,2nd,male,61.0,0,0,12.35,0
189,2nd,male,41.0,0,0,15.0458,0
1101,3rd,male,14.5,8,2,69.55,0
1194,1st,male,65.0,0,1,61.9792,0
1198,3rd,male,29.0,0,0,7.775,0
509,3rd,female,,3,1,25.4667,0
768,2nd,male,,0,0,15.0458,0
937,3rd,male,,0,0,7.75,0
157,3rd,male,22.0,0,0,7.225,1
708,1st,female,47.0,1,0,61.175,1
256,1st,female,45.0,0,0,262.375,1
983,2nd,female,50.0,0,0,10.5,1
99,2nd,male,30.0,1,0,21.0,0
524,2nd,male,30.0,1,0,24.0,0
322,3rd,male,,1,0,14.4542,0
359,2nd,female,30.0,0,0,12.35,1
1154,1st,female,48.0,1,0,106.425,1
390,3rd,male,24.0,0,0,7.7958,0
802,3rd,female,11.0,4,2,31.275,0
1129,3rd,female,19.0,0,0,7.8792,1
547,1st,female,18.0,1,0,227.525,1
1112,2nd,male,23.0,0,0,15.0458,0
287,3rd,male,40.0,1,4,27.9,0
341,1st,male,39.0,0,0,0.0,0
619,3rd,male,28.0,0,0,56.4958,0
709,3rd,male,29.0,0,0,7.8542,0
636,2nd,male,27.0,1,0,26.0,0
1251,3rd,male,,0,0,7.8958,0
1185,2nd,female,34.0,1,1,32.5,1
520,2nd,female,24.0,0,0,13.0,1
1192,1st,male,51.0,0,0,26.55,1
957,3rd,female,10.0,5,2,46.9,0
688,1st,male,25.0,1,0,55.4417,1
1080,1st,male,29.0,1,0,66.6,0
860,1st,female,16.0,0,0,86.5,1
1276,3rd,female,18.5,0,0,7.2833,0
250,3rd,male,36.0,0,0,7.8958,0
798,1st,female,39.0,1,1,110.8833,1
463,1st,male,40.0,0,0,27.7208,0
54,3rd,male,,0,0,7.25,0
1293,2nd,male,,0,0,0.0,0
87,3rd,male,21.0,0,0,8.4333,0
1235,1st,male,21.0,0,1,77.2875,0
531,1st,female,31.0,0,2,164.8667,1
892,2nd,male,50.0,1,0,26.0,0
1123,2nd,female,55.0,0,0,16.0,1
938,1st,female,35.0,1,0,57.75,1
612,3rd,female,45.0,1,4,27.9,0
236,2nd,male,34.0,0,0,13.0,1
1043,3rd,male,21.0,0,0,7.925,0
720,1st,female,58.0,0,0,146.5208,1
114,1st,male,,0,0,25.7417,1
966,3rd,female,9.0,4,2,31.275,0
69,1st,female,52.0,1,1,93.5,1
11,3rd,male,30.0,1,0,16.1,0
1232,1st,female,35.0,1,0,52.0,1
848,2nd,male,23.0,0,0,10.5,0
1092,2nd,male,23.0,2,1,11.5,0
432,3rd,male,65.0,0,0,7.75,0
804,3rd,male,22.0,0,0,9.0,0
991,3rd,male,9.0,5,2,46.9,0
820,2nd,male,25.0,1,0,26.0,0
1028,3rd,male,,0,0,7.7333,0
204,1st,male,42.0,0,0,26.55,0
65,3rd,female,,1,0,15.5,1
1107,3rd,male,17.0,0,0,8.6625,0
1079,3rd,female,22.0,0,0,7.75,1
15,3rd,female,18.0,2,0,18.0,0
202,1st,male,50.0,1,1,211.5,0
1108,2nd,male,46.0,0,0,26.0,0
1257,1st,female,33.0,0,0,151.55,1
723,1st,female,,0,1,55.0,1
207,3rd,female,30.0,1,1,24.15,0
1083,3rd,male,1.0,1,2,20.575,1
305,3rd,male,28.0,0,0,7.25,0
335,3rd,male,39.0,0,0,7.925,1
538,3rd,female,31.0,1,1,20.525,1
1007,2nd,female,42.0,0,0,13.0,1
879,2nd,female,,0,0,21.0,0
1182,3rd,male,21.0,0,0,7.775,0
993,3rd,female,,0,0,8.05,1
867,3rd,female,27.0,0,0,7.8792,0
507,1st,female,43.0,1,0,55.4417,1
258,2nd,female,29.0,0,0,10.5,1
581,3rd,female,23.0,0,0,8.6625,0
572,2nd,female,0.9167,1,2,27.75,1
135,1st,male,55.0,0,0,50.0,0
985,3rd,male,21.0,0,0,16.1,0
80,2nd,male,,0,0,13.8625,1
117,1st,female,24.0,0,0,69.3,1
437,1st,male,65.0,0,0,26.55,0
348,1st,female,23.0,1,0,113.275,1
484,1st,female,38.0,0,0,227.525,1
578,1st,female,54.0,1,1,81.8583,1
1224,3rd,male,34.0,1,1,14.4,0
915,1st,male,46.0,0,0,79.2,0
834,1st,female,22.0,0,2,49.5,1
930,3rd,male,49.0,0,0,0.0,0
653,3rd,male,,0,0,7.75,0
1125,3rd,male,32.0,0,0,22.525,0
858,3rd,male,26.0,0,0,7.8792,0
950,3rd,female,,8,2,69.55,0
1280,1st,male,42.0,1,0,52.0,0
529,1st,male,48.0,1,0,52.0,1
838,1st,female,21.0,2,2,262.375,1
526,3rd,male,33.0,0,0,7.8958,0
304,1st,male,39.0,1,0,71.2833,0
1085,3rd,male,40.0,0,0,7.225,0
694,1st,male,46.0,1,0,61.175,0
1138,2nd,male,3.0,1,1,18.75,1
188,1st,male,,0,0,0.0,0
191,2nd,male,24.0,0,0,13.0,0
27,1st,male,33.0,0,0,5.0,0
927,2nd,male,22.0,2,0,31.5,0
32,3rd,female,41.0,0,5,39.6875,0
246,1st,male,23.0,0,0,93.5,0
379,3rd,male,38.0,0,0,7.05,0
254,2nd,female,24.0,1,2,65.0,1
680,3rd,female,28.0,0,0,7.775,0
1271,3rd,male,10.0,4,1,29.125,0
1105,2nd,female,54.0,1,3,23.0,1
1059,3rd,male,26.0,0,0,7.8958,0
222,3rd,female,24.0,0,0,7.75,1
829,3rd,male,21.0,0,0,8.6625,0
198,3rd,female,33.0,3,0,15.85,1
700,3rd,male,,0,0,8.1125,1
57,3rd,male,21.0,0,0,7.8,0
427,2nd,male,31.0,1,1,26.25,0
312,2nd,male,21.0,0,0,11.5,0
771,1st,female,31.0,1,0,113.275,1
16,1st,female,32.0,0,0,76.2917,1
667,1st,female,43.0,0,1,211.3375,1
742,1st,female,14.0,1,2,120.0,1
36,3rd,male,24.0,0,0,7.55,1
20,1st,male,19.0,1,0,53.1,0
445,1st,female,,0,0,31.6833,1
129,1st,male,46.0,0,0,75.2417,0
334,3rd,male,27.0,0,0,8.6625,1
1071,2nd,female,34.0,0,1,23.0,1
1013,3rd,male,35.0,0,0,8.05,0
241,3rd,female,24.0,0,3,19.2583,1
326,1st,female,38.0,1,0,71.2833,1
1100,3rd,male,23.0,0,0,9.225,0
1003,3rd,male,,0,0,7.25,0
111,2nd,male,28.0,0,0,13.0,0
1047,1st,male,26.0,0,0,30.0,1
147,3rd,male,27.0,1,0,14.4542,0
192,1st,female,16.0,0,1,57.9792,1
1063,1st,female,58.0,0,0,26.55,1
465,3rd,male,,0,0,8.05,0
37,3rd,male,39.0,0,2,7.2292,0
553,3rd,male,,1,0,7.75,0
1227,3rd,male,60.5,0,0,,0
984,1st,female,21.0,0,0,26.55,1
712,3rd,female,22.0,0,0,7.725,1
1183,1st,male,,0,0,52.0,0
273,2nd,male,51.0,0,0,12.525,0
30,2nd,male,21.0,1,0,11.5,0
967,1st,female,38.0,0,0,80.0,1
268,1st,male,80.0,0,0,30.0,1
577,3rd,female,29.0,0,2,15.2458,1
1012,2nd,female,45.0,0,0,13.5,1
357,2nd,male,40.0,0,0,16.0,0
363,3rd,male,28.0,0,0,9.5,0
1036,1st,female,30.0,0,0,86.5,1
162,2nd,male,26.0,0,0,13.0,0
1146,3rd,male,42.0,0,0,8.6625,0
466,3rd,female,2.0,0,1,10.4625,0
1127,1st,male,52.0,1,1,79.65,0
201,1st,female,35.0,1,0,90.0,1
888,3rd,male,26.5,0,0,7.225,0
356,3rd,male,20.0,0,0,7.05,0
385,3rd,male,,0,0,7.225,0
108,3rd,female,5.0,4,2,31.3875,1
29,3rd,male,26.0,0,0,18.7875,1
1259,3rd,female,1.0,0,2,15.7417,1
1,3rd,male,39.0,1,5,31.275,0
337,2nd,female,18.0,0,2,13.0,1
543,1st,male,50.0,2,0,133.65,1
1179,3rd,male,6.0,3,1,21.075,0
580,3rd,female,38.0,1,5,31.3875,1
614,3rd,male,31.0,0,0,7.75,0
849,3rd,female,,1,2,23.45,0
784,3rd,male,5.0,4,2,31.3875,0
314,3rd,male,21.0,0,0,8.05,0
731,1st,male,54.0,0,1,77.2875,0
426,3rd,male,38.0,0,0,8.6625,0
510,3rd,male,34.0,0,0,6.4958,0
286,1st,male,,0,0,0.0,0
233,3rd,male,51.0,0,0,8.05,0
1207,3rd,male,0.75,1,1,13.775,0
424,2nd,male,36.5,0,2,26.0,0
627,2nd,male,52.0,0,0,13.0,0
576,3rd,female,,0,0,7.75,1
101,3rd,male,17.0,1,0,7.0542,0
598,3rd,male,28.0,0,0,8.05,0
150,3rd,male,27.0,0,0,8.6625,0
1211,3rd,male,40.5,0,2,14.5,0
457,2nd,female,33.0,0,2,26.0,1
161,1st,male,31.0,0,0,50.4958,0
14,2nd,male,,0,0,15.05,0
1265,2nd,male,54.0,1,0,26.0,0
398,3rd,male,15.0,1,1,7.2292,0
493,3rd,male,,0,0,8.05,0
823,1st,male,50.0,1,0,106.425,0
1122,1st,female,55.0,2,0,25.7,1
857,3rd,male,44.0,0,0,8.05,0
376,3rd,male,55.5,0,0,8.05,0
735,3rd,male,1.0,4,1,39.6875,0
749,1st,male,46.0,0,0,26.0,0
855,3rd,male,,0,0,7.75,0
672,3rd,male,33.0,0,0,7.775,0
338,3rd,male,,0,0,7.75,0
389,1st,female,48.0,0,0,25.9292,1
644,3rd,male,,0,0,7.2292,0
73,2nd,male,25.0,0,0,31.5,0
665,3rd,male,22.0,0,0,8.05,0
485,2nd,male,32.0,0,0,13.0,0
921,3rd,female,20.0,0,0,8.6625,0
1118,3rd,male,7.0,4,1,39.6875,0
151,3rd,male,20.0,0,0,7.8542,0
104,3rd,male,4.0,1,1,11.1333,1
1252,3rd,male,18.0,0,0,7.75,0
383,3rd,female,9.0,1,1,15.2458,0
814,1st,male,50.0,0,0,26.0,0
1264,2nd,male,36.0,1,2,27.75,0
238,2nd,male,30.0,0,0,13.0,0
265,2nd,male,21.0,0,0,73.5,0
662,1st,female,60.0,0,0,76.2917,1
470,1st,male,22.0,0,0,135.6333,0
294,1st,female,33.0,1,0,90.0,1
948,1st,female,21.0,0,0,77.9583,1
1220,3rd,male,19.0,0,0,6.75,0
154,3rd,male,21.0,0,0,7.775,1
447,3rd,male,,0,0,8.05,0
513,1st,female,47.0,1,1,52.5542,1
651,3rd,female,20.0,0,0,7.8542,0
1097,2nd,female,35.0,0,0,21.0,1
535,1st,female,55.0,0,0,27.7208,1
9,3rd,male,26.0,0,0,8.05,0
1038,3rd,male,21.0,0,0,8.05,0
1124,2nd,female,12.0,2,1,39.0,1
49,3rd,male,19.0,0,0,8.05,1
17,3rd,male,,0,0,7.7375,0
1040,3rd,male,31.0,0,0,7.775,0
53,3rd,male,23.0,0,0,7.05,0
1045,3rd,male,,0,0,7.8958,0
583,3rd,male,26.0,0,0,56.4958,1
110,3rd,male,,0,0,9.5,0
205,3rd,female,,1,0,14.4542,0
211,1st,male,42.0,1,0,52.5542,1
738,3rd,female,23.0,0,0,7.925,0
908,3rd,female,22.0,0,0,10.5167,0
1273,1st,female,30.0,0,0,56.9292,1
506,3rd,female,,0,4,25.4667,0
655,2nd,male,19.0,1,1,36.75,0
461,3rd,male,24.0,0,0,9.325,0
416,1st,female,30.0,0,0,31.0,1
280,3rd,male,4.0,4,2,31.275,0
244,3rd,female,,1,0,14.4542,0
647,1st,male,49.0,1,1,110.8833,0
1203,3rd,male,,0,0,7.3125,0
199,3rd,female,,3,1,25.4667,0
890,2nd,female,20.0,0,0,36.75,1
1110,2nd,male,57.0,0,0,12.35,0
295,3rd,male,18.0,0,0,8.6625,0
996,3rd,male,21.0,0,0,7.7958,1
741,3rd,male,42.0,0,1,8.4042,0
406,3rd,male,11.0,0,0,18.7875,0
279,3rd,male,18.0,0,0,8.05,1
874,3rd,female,24.0,1,0,15.85,1
1155,3rd,male,31.0,0,0,7.925,1
643,2nd,male,0.6667,1,1,14.5,1
68,3rd,male,,0,0,8.05,0
974,3rd,male,25.0,0,0,7.225,0
38,3rd,female,,0,0,7.75,1
284,3rd,female,,0,0,7.7333,1
1301,2nd,male,27.0,0,0,13.0,0
1004,1st,male,71.0,0,0,49.5042,0
10,3rd,female,25.0,0,0,7.775,0
548,3rd,female,35.0,0,0,7.75,0
430,3rd,male,50.0,0,0,8.05,0
366,3rd,female,18.0,1,0,17.8,0
539,1st,female,36.0,0,2,71.0,1
1262,1st,female,23.0,0,1,83.1583,1
671,3rd,female,,2,0,23.25,1
388,3rd,female,14.5,1,0,14.4542,0
446,3rd,male,40.0,1,6,46.9,0
1186,2nd,male,36.0,0,0,10.5,0
634,1st,male,21.0,0,1,61.3792,1
945,3rd,male,14.0,4,1,39.6875,0
260,2nd,male,25.0,0,0,13.0,0
963,2nd,female,45.0,1,1,26.25,1
1133,2nd,female,5.0,1,2,27.75,1
779,1st,female,48.0,1,3,262.375,1
444,2nd,female,48.0,0,2,36.75,1
770,2nd,female,31.0,1,1,26.25,1
951,3rd,male,28.0,0,0,7.7958,0
1248,3rd,male,22.0,0,0,7.225,1
515,3rd,female,,0,0,7.75,1
1218,3rd,female,9.0,2,2,34.375,0
956,1st,female,2.0,1,2,151.55,0
168,3rd,female,48.0,1,3,34.375,0
895,3rd,male,,0,0,6.95,0
79,2nd,male,26.0,0,0,13.0,0
1072,1st,female,53.0,2,0,51.4792,1
1260,3rd,male,24.0,2,0,24.15,0
39,1st,male,43.0,1,0,27.7208,1
180,3rd,female,6.0,4,2,31.275,0
1290,2nd,female,2.0,1,1,26.0,1
998,1st,male,,0,0,27.7208,0
1170,3rd,female,24.0,0,2,16.7,1
323,3rd,female,,0,0,7.75,1
1230,1st,female,36.0,1,2,120.0,1
454,1st,female,29.0,0,0,221.7792,1
1180,3rd,male,22.0,0,0,7.25,0
56,3rd,female,,0,0,7.8792,0
1044,2nd,male,17.0,0,0,73.5,0
1070,1st,female,17.0,1,0,57.0,1
1042,3rd,female,,3,1,25.4667,0
853,3rd,male,,0,0,15.5,0
64,3rd,male,18.0,1,0,14.4542,0
769,2nd,male,35.0,0,0,12.35,0
218,2nd,female,29.0,1,0,26.0,1
174,1st,male,45.0,0,0,26.55,1
555,1st,male,47.0,0,0,34.0208,0
587,3rd,male,,0,0,7.2292,0
1173,1st,male,25.0,0,0,26.0,0
815,3rd,male,22.0,0,0,7.2292,0
607,3rd,male,,0,0,7.8958,0
453,3rd,male,,0,0,8.05,0
1048,3rd,male,28.5,0,0,16.1,0
711,3rd,male,,0,0,7.8958,0
685,2nd,male,21.0,0,0,13.0,0
1050,2nd,male,19.0,0,0,10.5,1
1258,2nd,female,24.0,2,1,27.0,1
817,1st,female,64.0,1,1,26.55,1
84,3rd,female,18.0,0,0,6.75,0
899,3rd,male,,0,0,7.25,0
923,3rd,female,,1,0,15.5,1
1282,3rd,female,,8,2,69.55,0
841,3rd,female,,0,0,7.6292,0
1137,1st,male,41.0,0,0,30.5,0
263,3rd,male,,0,0,7.2292,0
264,2nd,male,43.0,1,1,26.25,0
327,2nd,male,44.0,0,0,13.0,0
1222,1st,male,29.0,0,0,30.0,0
870,2nd,male,60.0,1,1,39.0,0
1195,2nd,male,18.5,0,0,13.0,0
733,1st,male,31.0,1,0,52.0,0
1244,1st,male,30.0,0,0,27.75,0
1275,3rd,male,,0,0,7.8958,0
145,1st,female,50.0,0,0,28.7125,0
1206,3rd,male,,0,0,7.55,0
355,1st,male,35.0,0,0,512.3292,1
1084,1st,male,57.0,1,1,164.8667,0
761,3rd,male,,0,0,7.55,0
722,3rd,female,5.0,2,1,19.2583,1
773,1st,male,49.0,1,0,56.9292,1
810,1st,male,60.0,0,0,26.55,0
1025,3rd,male,,0,0,7.0,0
235,3rd,male,24.0,0,0,7.775,0
842,3rd,male,35.0,0,0,7.05,0
200,3rd,male,,0,0,7.8958,0
584,1st,male,58.0,0,2,113.275,0
397,1st,male,36.0,0,0,26.2875,1
725,3rd,female,22.0,2,0,8.6625,0
1102,3rd,female,37.0,0,0,9.5875,0
473,3rd,female,,0,2,22.3583,1
795,3rd,male,12.0,1,0,11.2417,1
324,3rd,male,51.0,0,0,7.75,0
926,3rd,male,18.0,0,0,7.775,0
705,1st,female,33.0,1,0,53.1,1
901,3rd,male,,1,0,7.75,0
77,2nd,male,19.0,0,0,10.5,0
289,3rd,male,,0,0,7.225,0
530,1st,female,18.0,2,2,262.375,1
262,1st,female,,1,0,133.65,1
395,3rd,male,,0,0,56.4958,1
632,1st,male,,0,0,29.7,1
1021,1st,female,,1,0,51.8625,1
554,2nd,female,27.0,0,0,10.5,1
47,3rd,male,18.0,0,0,7.7958,0
44,3rd,male,23.0,0,0,7.7958,1
112,1st,male,54.0,1,0,55.4417,1
917,3rd,female,,0,0,7.75,1
813,3rd,male,20.0,1,1,15.7417,1
1061,2nd,male,0.8333,0,2,29.0,1
678,1st,male,11.0,1,2,120.0,1
726,3rd,male,,1,1,15.2458,1
1245,2nd,female,1.0,1,2,41.5792,1
1116,3rd,female,18.0,0,1,9.35,1
541,1st,female,18.0,1,0,53.1,1
885,1st,female,27.0,1,1,247.5208,1
275,2nd,female,60.0,1,0,26.0,0
469,3rd,male,32.5,0,0,9.5,0
1167,3rd,male,43.0,0,0,6.45,0
52,2nd,male,62.0,0,0,9.6875,0
878,2nd,female,7.0,0,2,26.25,1
40,1st,male,61.0,0,0,33.5,0
1177,3rd,female,21.0,0,0,8.6625,0
132,2nd,female,14.0,1,0,30.0708,1
762,2nd,male,32.0,1,0,26.0,1
621,1st,male,46.0,0,0,79.2,0
905,1st,male,,0,0,50.0,0
970,2nd,male,28.0,0,0,10.5,0
81,1st,female,48.0,1,0,39.6,1
818,1st,male,45.0,1,0,83.475,0
1157,3rd,female,27.0,0,0,7.925,1
727,3rd,male,,0,0,7.2292,0
628,3rd,male,21.0,0,0,7.8208,1
502,3rd,female,14.0,0,0,7.8542,0
178,1st,male,62.0,0,0,26.55,0
889,3rd,female,22.0,0,0,39.6875,0
124,3rd,male,25.0,0,0,7.05,0
891,3rd,female,2.0,3,2,27.9,0
1055,3rd,male,33.0,0,0,8.6542,0
1307,1st,female,39.0,1,0,55.9,1
195,3rd,male,19.0,0,0,10.1708,0
412,3rd,male,,0,0,24.15,0
320,3rd,male,21.0,0,0,7.225,0
317,2nd,male,30.0,0,0,12.7375,1
371,3rd,male,,0,0,8.7125,0
270,1st,male,47.0,1,0,227.525,0
786,1st,male,,0,0,42.4,0
1111,2nd,female,24.0,0,2,14.5,1
343,3rd,male,,0,0,7.55,0
914,3rd,male,25.0,0,0,7.925,0
62,3rd,male,21.0,0,0,7.7958,1
1295,2nd,male,32.0,2,0,73.5,0
942,3rd,female,1.0,1,1,11.1333,1
1078,3rd,female,31.0,0,0,8.6833,1
221,3rd,female,22.0,1,1,12.2875,1
82,1st,male,,0,0,25.925,0
976,2nd,male,18.0,0,0,10.5,0
1226,1st,male,55.0,0,0,30.5,0
220,1st,male,30.0,1,0,57.75,1
354,2nd,female,20.0,2,1,23.0,1
368,3rd,male,4.0,3,2,27.9,0
751,3rd,male,,0,0,7.75,0
340,2nd,male,42.0,0,0,13.0,0
1002,3rd,male,6.0,1,1,15.2458,0
745,3rd,male,,0,0,56.4958,1
491,3rd,female,,0,0,7.8792,1
1103,1st,female,18.0,0,2,79.65,1
33,3rd,female,27.0,1,0,7.925,0
392,1st,male,60.0,1,1,79.2,1
729,2nd,female,24.0,1,1,37.0042,1
418,2nd,male,1.0,2,1,39.0,1
809,2nd,male,20.0,0,0,13.8625,1
1106,3rd,male,7.0,1,1,15.2458,1
293,3rd,male,,0,0,7.2292,0
674,3rd,male,,0,0,7.225,0
992,3rd,male,,0,0,7.8958,0
434,1st,male,47.0,0,0,38.5,0
603,3rd,male,1.0,5,2,46.9,0
41,3rd,male,,0,0,7.8958,0
496,3rd,male,32.0,0,0,8.3625,0
255,3rd,female,18.0,0,1,14.4542,0
206,3rd,male,19.0,0,0,7.8958,0
1162,2nd,male,14.0,0,0,65.0,0
1149,1st,male,64.0,1,4,263.0,0
1196,2nd,male,37.0,1,0,26.0,0
690,3rd,male,20.5,0,0,7.25,0
1286,1st,male,31.0,0,0,28.5375,1
384,1st,male,37.0,0,1,29.7,0
1053,3rd,female,15.0,1,0,14.4542,1
377,1st,female,26.0,1,0,136.7792,1
645,3rd,male,25.0,0,0,7.65,1
613,2nd,female,4.0,2,1,39.0,1
253,3rd,male,21.0,1,0,6.4958,0
1140,2nd,male,25.0,0,0,10.5,0
122,3rd,male,28.0,2,0,7.925,0
1187,3rd,male,,0,0,8.05,0
410,3rd,male,,0,0,7.8958,0
332,3rd,female,,1,1,22.3583,1
911,1st,male,30.0,0,0,26.0,0
593,3rd,male,2.0,4,1,29.125,0
380,2nd,female,30.0,3,0,21.0,1
1238,3rd,male,,1,2,23.45,0
1297,1st,female,15.0,0,1,211.3375,1
115,3rd,male,33.0,0,0,7.8542,0
13,2nd,male,23.0,0,0,10.5,0
980,3rd,female,15.0,0,0,7.225,1
433,3rd,male,23.5,0,0,7.2292,0
910,1st,male,6.0,0,2,134.5,1
610,2nd,male,16.0,0,0,26.0,0
1171,3rd,male,,0,0,8.05,0
290,2nd,male,34.0,0,0,13.0,0
637,2nd,male,30.0,0,0,13.0,0
1246,2nd,female,36.0,0,0,13.0,1
1051,3rd,male,,0,0,14.4583,0
375,3rd,male,,0,0,7.8958,0
1200,3rd,female,43.0,1,6,46.9,0
669,1st,female,50.0,0,1,247.5208,1
789,2nd,male,43.0,0,1,21.0,0
170,1st,female,36.0,0,0,135.6333,1
969,1st,female,54.0,1,0,59.4,1
909,3rd,male,22.0,0,0,8.05,0
641,2nd,male,39.0,0,0,13.0,0
754,3rd,female,,0,0,7.7333,1
45,3rd,male,22.0,0,0,7.125,0
894,3rd,female,32.0,1,1,15.5,0
167,3rd,male,29.0,0,0,7.925,0
605,3rd,male,2.0,4,1,39.6875,0
1068,1st,male,27.0,0,0,30.5,1
1150,1st,female,35.0,1,0,83.475,1
301,3rd,male,,0,0,8.05,0
999,2nd,male,,0,0,0.0,0
907,3rd,male,21.0,0,0,7.8958,0
696,3rd,female,35.0,1,1,20.25,1
456,3rd,female,17.0,0,0,7.7333,0
197,3rd,male,32.0,0,0,7.8542,1
1117,1st,female,45.0,1,0,52.5542,1
481,3rd,male,19.0,0,0,8.1583,0
441,3rd,female,25.0,1,0,7.925,0
261,1st,male,27.0,1,0,136.7792,0
962,3rd,male,25.0,1,0,7.775,1
508,1st,female,,1,0,82.1708,1
1284,2nd,male,36.0,0,0,13.0,0
599,1st,male,,0,0,26.55,0
91,2nd,male,,0,0,0.0,0
266,3rd,female,0.1667,1,2,20.575,1
659,3rd,male,20.0,0,0,8.6625,0
1205,2nd,female,42.0,1,0,26.0,1
750,2nd,female,28.0,1,0,26.0,1
1159,3rd,male,26.0,0,0,7.8958,0
276,1st,male,39.0,0,0,29.7,0
822,3rd,male,41.0,2,0,14.1083,0
152,3rd,male,31.0,3,0,18.0,0
757,3rd,female,,0,2,7.75,0
226,3rd,male,18.0,0,0,7.75,0
370,1st,female,29.0,0,0,211.3375,1
1134,1st,male,0.9167,1,2,151.55,1
1087,3rd,male,,8,2,69.55,0
1001,3rd,male,,0,0,7.2292,0
752,1st,female,44.0,0,1,57.9792,1
8,2nd,male,30.0,0,0,13.0,0
521,3rd,female,,0,0,7.7792,1
775,2nd,male,16.0,0,0,10.5,0
25,3rd,female,47.0,1,0,7.0,1
96,1st,female,54.0,1,0,78.2667,1
566,3rd,male,,1,0,15.5,0
958,1st,male,,0,0,35.0,0
898,3rd,male,,0,0,15.1,0
1074,1st,male,27.0,0,0,76.7292,1
658,3rd,female,22.0,0,0,7.25,1
1188,1st,male,44.0,2,0,90.0,0
739,3rd,male,11.0,5,2,46.9,0
501,3rd,male,,0,0,7.75,0
558,3rd,male,,0,0,7.75,0
1096,1st,male,54.0,0,0,51.8625,0
213,3rd,female,,0,0,7.75,0
681,3rd,male,35.0,0,0,7.8958,0
821,3rd,male,25.0,0,0,0.0,1
1214,3rd,male,16.0,1,1,20.25,0
772,2nd,male,,0,0,0.0,0
1269,1st,female,,0,0,110.8833,1
1261,3rd,male,32.0,1,0,15.85,0
639,1st,female,51.0,1,0,77.9583,1
699,3rd,female,,0,0,7.8792,1
856,3rd,male,47.0,0,0,7.25,0
381,1st,male,42.0,0,0,26.55,0
1113,2nd,male,22.0,0,0,10.5,1
1056,3rd,male,21.0,0,0,7.25,0
883,3rd,female,,8,2,69.55,0
602,3rd,male,,0,0,7.8958,0
435,1st,male,36.0,1,0,78.85,0
1069,2nd,male,24.0,2,0,73.5,0
1034,3rd,female,13.0,0,0,7.2292,1
600,2nd,male,41.0,0,0,13.0,0
492,3rd,male,21.0,0,0,7.7333,0
561,3rd,male,0.8333,0,1,9.35,1
831,2nd,female,13.0,0,1,19.5,1
374,2nd,male,38.0,1,0,21.0,0
697,3rd,male,,0,0,7.225,0
217,3rd,female,,0,0,7.8292,1
816,1st,male,,0,0,26.55,0
1104,2nd,male,27.0,0,0,15.0333,0
459,1st,female,,1,0,89.1042,1
591,3rd,male,24.0,0,0,8.05,0
1128,3rd,female,24.0,0,0,8.85,0
88,1st,male,35.0,0,0,26.55,1
296,3rd,male,24.0,0,0,8.6625,0
1093,2nd,male,32.5,1,0,30.0708,0
1263,3rd,male,,1,0,16.1,0
864,3rd,male,,0,0,7.75,0
946,3rd,male,,2,0,21.6792,0
2,3rd,female,15.0,0,0,8.0292,1
1247,3rd,female,,0,0,14.5,0
1114,3rd,male,20.0,0,0,4.0125,0
862,1st,female,39.0,1,1,79.65,1
835,3rd,male,18.5,0,0,7.2292,0
812,3rd,male,44.0,0,0,8.05,0
