Store,Dept,Date,Weekly_Sales,MarkDown1,MarkDown2,MarkDown3,MarkDown4,MarkDown5,IsHoliday,sample_weight,Weekly_Sales.predicted,Weekly_Sales.predicted.lower,Weekly_Sales.predicted.upper
4,4,2010/2/5,59554.57,-1.0,-1.0,-1.0,-1.0,-1.0,0,1,58978.074,54351.161977657764,63166.79160958182
4,4,2010/2/12,54069.82,-1.0,-1.0,-1.0,-1.0,-1.0,1,5,54493.715,49866.802602657764,58682.43223458182
4,4,2010/2/19,53939.17,-1.0,-1.0,-1.0,-1.0,-1.0,0,1,54222.51,49595.599477657764,58411.22910958182
4,4,2010/2/26,54687.08,-1.0,-1.0,-1.0,-1.0,-1.0,0,1,54335.207,49708.294790157764,58523.92442208182
4,4,2010/3/5,56959.02,-1.0,-1.0,-1.0,-1.0,-1.0,0,1,57059.055,52432.142446407764,61247.77207833182
4,4,2010/3/12,52142.35,-1.0,-1.0,-1.0,-1.0,-1.0,0,1,52188.297,47561.384633907764,56377.01426583182
4,4,2010/3/19,51535.33,-1.0,-1.0,-1.0,-1.0,-1.0,0,1,51335.016,46708.103383907764,55523.73301583182
4,4,2010/3/26,47886.96,-1.0,-1.0,-1.0,-1.0,-1.0,0,1,49345.547,44718.634633907764,53534.26426583182
4,4,2010/4/2,56959.52,-1.0,-1.0,-1.0,-1.0,-1.0,0,1,56590.355,51963.443227657764,60779.07285958182
4,4,2010/4/9,49746.01,-1.0,-1.0,-1.0,-1.0,-1.0,0,1,50593.223,45966.310415157764,54781.94004708182
4,4,2010/4/16,53694.53,-1.0,-1.0,-1.0,-1.0,-1.0,0,1,53315.43,48688.517446407764,57504.14707833182
4,4,2010/4/23,51630.47,-1.0,-1.0,-1.0,-1.0,-1.0,0,1,52009.516,47382.603383907764,56198.23301583182
4,4,2010/4/30,52820.8,-1.0,-1.0,-1.0,-1.0,-1.0,0,1,52600.137,47973.224477657764,56788.85410958182
4,4,2010/5/7,54037.74,-1.0,-1.0,-1.0,-1.0,-1.0,0,1,53995.914,49369.001821407764,58184.63145333182
4,4,2010/5/14,48542.31,-1.0,-1.0,-1.0,-1.0,-1.0,0,1,49396.1,44769.189321407764,53584.81895333182
4,4,2010/5/21,54926.4,-1.0,-1.0,-1.0,-1.0,-1.0,0,1,54369.996,49743.083852657764,58558.71348458182
4,4,2010/5/28,50608.77,-1.0,-1.0,-1.0,-1.0,-1.0,0,1,51061.273,46434.361196407764,55249.99082833182
4,4,2010/6/4,55355.78,-1.0,-1.0,-1.0,-1.0,-1.0,0,1,55386.3,50759.388540157764,59575.01817208182
4,4,2010/6/11,49069.9,-1.0,-1.0,-1.0,-1.0,-1.0,0,1,50362.008,45735.095571407764,54550.72520333182
4,4,2010/6/18,49646.84,-1.0,-1.0,-1.0,-1.0,-1.0,0,1,50682.89,46055.978383907764,54871.60801583182
4,4,2010/6/25,48668.13,-1.0,-1.0,-1.0,-1.0,-1.0,0,1,49993.984,45367.072133907764,54182.70176583182
4,4,2010/7/2,56869.52,-1.0,-1.0,-1.0,-1.0,-1.0,0,1,55861.36,51234.447133907764,60050.07676583182
4,4,2010/7/9,54750.48,-1.0,-1.0,-1.0,-1.0,-1.0,0,1,54209.582,49582.669790157764,58398.29942208182
4,4,2010/7/16,53436.74,-1.0,-1.0,-1.0,-1.0,-1.0,0,1,53501.965,48875.052602657764,57690.68223458182
4,4,2010/7/23,50912.21,-1.0,-1.0,-1.0,-1.0,-1.0,0,1,52012.6,47385.689321407764,56201.31895333182
4,4,2010/7/30,52243.98,-1.0,-1.0,-1.0,-1.0,-1.0,0,1,52202.344,47575.431508907764,56391.06114083182
4,4,2010/8/6,56299.32,-1.0,-1.0,-1.0,-1.0,-1.0,0,1,56389.074,51762.161977657764,60577.79160958182
4,4,2010/8/13,56967.92,-1.0,-1.0,-1.0,-1.0,-1.0,0,1,56411.504,51784.591665157764,60600.22129708182
4,4,2010/8/20,57022.55,-1.0,-1.0,-1.0,-1.0,-1.0,0,1,56688.914,52062.001821407764,60877.63145333182
4,4,2010/8/27,52712.01,-1.0,-1.0,-1.0,-1.0,-1.0,0,1,53804.465,49177.552602657764,57993.18223458182
4,4,2010/9/3,59177.53,-1.0,-1.0,-1.0,-1.0,-1.0,0,1,57766.95,53140.036977657764,61955.66660958182
4,4,2010/9/10,54140.32,-1.0,-1.0,-1.0,-1.0,-1.0,1,5,54221.53,49594.619008907764,58410.24864083182
4,4,2010/9/17,54102.43,-1.0,-1.0,-1.0,-1.0,-1.0,0,1,54909.105,50282.193227657764,59097.82285958182
4,4,2010/9/24,52942.57,-1.0,-1.0,-1.0,-1.0,-1.0,0,1,53474.098,48847.185415157764,57662.81504708182
4,4,2010/10/1,54800.74,-1.0,-1.0,-1.0,-1.0,-1.0,0,1,55004.285,50377.372915157764,59193.00254708182
4,4,2010/10/8,53891.67,-1.0,-1.0,-1.0,-1.0,-1.0,0,1,54598.227,49971.314321407764,58786.94395333182
4,4,2010/10/15,50525.31,-1.0,-1.0,-1.0,-1.0,-1.0,0,1,52372.91,47745.997915157764,56561.62754708182
4,4,2010/10/22,54253.23,-1.0,-1.0,-1.0,-1.0,-1.0,0,1,54149.12,49522.208852657764,58337.83848458182
4,4,2010/10/29,51854.74,-1.0,-1.0,-1.0,-1.0,-1.0,0,1,52475.93,47849.017446407764,56664.64707833182
4,4,2010/11/5,56510.88,-1.0,-1.0,-1.0,-1.0,-1.0,0,1,56706.746,52079.833852657764,60895.46348458182
4,4,2010/11/12,53983.21,-1.0,-1.0,-1.0,-1.0,-1.0,0,1,54645.543,50018.630727657764,58834.26035958182
4,4,2010/11/19,60787.72,-1.0,-1.0,-1.0,-1.0,-1.0,0,1,60344.727,55717.814321407764,64533.44395333182
4,4,2010/11/26,67374.29,-1.0,-1.0,-1.0,-1.0,-1.0,1,5,65352.633,60725.720571407764,69541.35020333182
4,4,2010/12/3,54740.6,-1.0,-1.0,-1.0,-1.0,-1.0,0,1,56241.426,51614.513540157764,60430.14317208182
4,4,2010/12/10,55596.4,-1.0,-1.0,-1.0,-1.0,-1.0,0,1,55564.25,50937.337758907764,59752.96739083182
4,4,2010/12/17,59042.38,-1.0,-1.0,-1.0,-1.0,-1.0,0,1,57216.09,52589.177602657764,61404.80723458182
4,4,2010/12/24,68696.66,-1.0,-1.0,-1.0,-1.0,-1.0,0,1,68917.19,64290.275258907764,73105.90489083182
4,4,2010/12/31,53679.23,-1.0,-1.0,-1.0,-1.0,-1.0,1,5,55483.187,50856.275258907764,59671.90489083182
4,4,2011/1/7,56671.32,-1.0,-1.0,-1.0,-1.0,-1.0,0,1,56079.18,51452.267446407764,60267.89707833182
4,4,2011/1/14,54969.55,-1.0,-1.0,-1.0,-1.0,-1.0,0,1,54661.973,50035.060415157764,58850.69004708182
4,4,2011/1/21,55157.31,-1.0,-1.0,-1.0,-1.0,-1.0,0,1,54875.805,50248.892446407764,59064.52207833182
4,4,2011/1/28,51712.45,-1.0,-1.0,-1.0,-1.0,-1.0,0,1,52450.727,47823.814321407764,56639.44395333182
4,4,2011/2/4,56454.32,-1.0,-1.0,-1.0,-1.0,-1.0,0,1,56641.094,52014.181508907764,60829.81114083182
4,4,2011/2/11,55747.3,-1.0,-1.0,-1.0,-1.0,-1.0,1,5,55727.03,51100.119008907764,59915.74864083182
4,4,2011/2/18,55175.48,-1.0,-1.0,-1.0,-1.0,-1.0,0,1,55310.36,50683.447133907764,59499.07676583182
4,4,2011/2/25,54743.92,-1.0,-1.0,-1.0,-1.0,-1.0,0,1,54738.258,50111.345571407764,58926.97520333182
4,4,2011/3/4,57093.74,-1.0,-1.0,-1.0,-1.0,-1.0,0,1,57490.004,52863.091665157764,61678.72129708182
4,4,2011/3/11,53029.03,-1.0,-1.0,-1.0,-1.0,-1.0,0,1,53191.496,48564.583852657764,57380.21348458182
4,4,2011/3/18,53451.38,-1.0,-1.0,-1.0,-1.0,-1.0,0,1,53770.375,49143.462758907764,57959.09239083182
4,4,2011/3/25,51338.37,-1.0,-1.0,-1.0,-1.0,-1.0,0,1,51595.57,46968.658071407764,55784.28770333182
4,4,2011/4/1,51382.98,-1.0,-1.0,-1.0,-1.0,-1.0,0,1,53295.957,48669.044790157764,57484.67442208182
4,4,2011/4/8,54500.33,-1.0,-1.0,-1.0,-1.0,-1.0,0,1,53763.6,49136.689321407764,57952.31895333182
4,4,2011/4/15,51184.02,-1.0,-1.0,-1.0,-1.0,-1.0,0,1,51153.184,46526.271352657764,55341.90098458182
4,4,2011/4/22,55018.98,-1.0,-1.0,-1.0,-1.0,-1.0,0,1,55125.05,50498.138540157764,59313.76817208182
4,4,2011/4/29,50045.96,-1.0,-1.0,-1.0,-1.0,-1.0,0,1,50622.25,45995.337758907764,54810.96739083182
4,4,2011/5/6,59039.42,-1.0,-1.0,-1.0,-1.0,-1.0,0,1,58816.117,54189.204946407764,63004.83457833182
4,4,2011/5/13,51468.7,-1.0,-1.0,-1.0,-1.0,-1.0,0,1,51800.28,47173.369008907764,55988.99864083182
4,4,2011/5/20,58171.41,-1.0,-1.0,-1.0,-1.0,-1.0,0,1,57080.09,52453.177602657764,61268.80723458182
4,4,2011/5/27,52931.36,-1.0,-1.0,-1.0,-1.0,-1.0,0,1,52910.113,48283.201040157764,57098.83067208182
4,4,2011/6/3,57563.3,-1.0,-1.0,-1.0,-1.0,-1.0,0,1,57738.26,53111.349477657764,61926.97910958182
4,4,2011/6/10,54395.37,-1.0,-1.0,-1.0,-1.0,-1.0,0,1,54026.094,49399.181508907764,58214.81114083182
4,4,2011/6/17,54818.18,-1.0,-1.0,-1.0,-1.0,-1.0,0,1,54382.99,49756.076040157764,58571.70567208182
4,4,2011/6/24,52377.67,-1.0,-1.0,-1.0,-1.0,-1.0,0,1,52879.82,48252.908071407764,57068.53770333182
4,4,2011/7/1,57906.09,-1.0,-1.0,-1.0,-1.0,-1.0,0,1,57518.242,52891.329946407764,61706.95957833182
4,4,2011/7/8,54777.21,-1.0,-1.0,-1.0,-1.0,-1.0,0,1,55564.523,50937.611196407764,59753.24082833182
4,4,2011/7/15,53134.96,-1.0,-1.0,-1.0,-1.0,-1.0,0,1,53417.996,48791.083852657764,57606.71348458182
4,4,2011/7/22,54790.01,-1.0,-1.0,-1.0,-1.0,-1.0,0,1,55146.918,50520.005727657764,59335.63535958182
4,4,2011/7/29,53113.87,-1.0,-1.0,-1.0,-1.0,-1.0,0,1,53047.04,48420.126821407764,57235.75645333182
4,4,2011/8/5,61683.39,-1.0,-1.0,-1.0,-1.0,-1.0,0,1,61349.297,56722.384633907764,65538.01426583182
4,4,2011/8/12,56617.69,-1.0,-1.0,-1.0,-1.0,-1.0,0,1,57403.99,52777.076040157764,61592.70567208182
4,4,2011/8/19,63239.08,-1.0,-1.0,-1.0,-1.0,-1.0,0,1,62658.54,58031.626821407764,66847.25645333182
4,4,2011/8/26,55027.47,-1.0,-1.0,-1.0,-1.0,-1.0,0,1,55798.105,51171.193227657764,59986.82285958182
4,4,2011/9/2,58127.38,-1.0,-1.0,-1.0,-1.0,-1.0,0,1,59191.062,54564.150258907764,63379.77989083182
4,4,2011/9/9,57708.24,-1.0,-1.0,-1.0,-1.0,-1.0,1,5,58034.394,53407.482290157764,62223.11192208182
4,4,2011/9/16,57221.26,-1.0,-1.0,-1.0,-1.0,-1.0,0,1,57275.414,52648.501821407764,61464.13145333182
4,4,2011/9/23,56423.47,-1.0,-1.0,-1.0,-1.0,-1.0,0,1,56210.547,51583.634633907764,60399.26426583182
4,4,2011/9/30,53790.29,-1.0,-1.0,-1.0,-1.0,-1.0,0,1,55158.394,50531.482290157764,59347.11192208182
4,4,2011/10/7,61589.77,-1.0,-1.0,-1.0,-1.0,-1.0,0,1,61507.19,56880.279165157764,65695.90879708182
4,4,2011/10/14,56211.57,-1.0,-1.0,-1.0,-1.0,-1.0,0,1,56294.723,51667.810415157764,60483.44004708182
4,4,2011/10/21,57379.59,-1.0,-1.0,-1.0,-1.0,-1.0,0,1,58255.32,53628.408071407764,62444.03770333182
4,4,2011/10/28,55849.32,-1.0,-1.0,-1.0,-1.0,-1.0,0,1,55902.605,51275.693227657764,60091.32285958182
4,4,2011/11/4,62987.23,-1.0,-1.0,-1.0,-1.0,-1.0,0,1,63147.54,58520.626821407764,67336.25645333182
4,4,2011/11/11,60106.04,12851.52,16658.47,430.13,5630.01,9213.39,0,1,60449.27,55822.357290157764,64637.98692208182
4,4,2011/11/18,62697.49,4539.94,840.56,372.9,613.96,5358.13,0,1,63321.36,58694.447133907764,67510.07676583182
4,4,2011/11/25,72179.92,561.45,137.88,83340.33,44.04,9239.23,1,5,71445.83,66818.91588390776,75634.54551583182
4,4,2011/12/2,55582.51,9762.39,160.94,2260.29,4767.86,28604.2,0,1,55780.117,51153.204946407764,59968.83457833182
4,4,2011/12/9,57074.29,5857.72,30.0,984.98,4692.5,13503.99,0,1,59505.676,54878.763540157764,63694.39317208182
4,4,2011/12/16,58822.75,2756.67,72.3,1790.15,777.65,10261.95,0,1,60701.773,56074.861196407764,64890.49082833182
4,4,2011/12/23,72048.55,2461.94,69.05,2938.24,52.0,4396.76,0,1,72033.92,67407.00963390776,76222.63926583182
4,4,2011/12/30,56145.68,3496.13,72413.71,399.77,776.26,5012.53,1,5,56132.332,51505.419790157764,60321.04942208182
4,4,2012/1/6,63913.83,7857.71,38677.72,234.0,863.22,8682.95,0,1,63081.402,58454.490102657764,67270.11973458182
4,4,2012/1/13,57283.05,3666.28,14553.37,76.37,820.37,5955.28,0,1,56940.95,52314.036977657764,61129.66660958182
4,4,2012/1/20,56040.88,2109.41,7040.02,44.16,918.36,1116.83,0,1,56600.227,51973.314321407764,60788.94395333182
4,4,2012/1/27,57041.93,1346.06,3740.12,46.16,445.47,2451.89,0,1,57026.363,52399.451040157764,61215.08067208182
4,4,2012/2/3,60366.8,50820.76,4033.29,285.11,48086.64,7456.15,0,1,60453.16,55826.247915157764,64641.87754708182
4,4,2012/2/10,60459.16,11374.63,7208.51,118.37,12869.78,10618.93,1,5,60582.492,55955.579946407764,64771.20957833182
4,4,2012/2/17,60409.08,14225.99,11049.65,17.36,11912.49,7565.99,0,1,60661.83,56034.915883907764,64850.54551583182
4,4,2012/2/24,60971.46,9777.71,4703.88,5.4,1179.72,9352.14,0,1,60351.6,55724.689321407764,64540.31895333182
4,4,2012/3/2,61829.76,18564.88,1394.86,32.93,10714.6,3592.82,0,1,61994.47,57367.556508907764,66183.18614083182
4,4,2012/3/9,59014.98,8779.57,602.02,8.53,1103.64,9464.98,0,1,58993.066,54366.154165157764,63181.78379708182
4,4,2012/3/16,58109.29,5669.21,37.12,-1.0,8540.87,2544.94,0,1,58234.727,53607.814321407764,62423.44395333182
4,4,2012/3/23,53921.9,8806.8,-10.5,5.99,739.14,4396.97,0,1,54672.414,50045.501821407764,58861.13145333182
4,4,2012/3/30,55633.17,2565.8,442.52,6.5,487.66,4076.68,0,1,56080.86,51453.947133907764,60269.57676583182
4,4,2012/4/6,64551.09,11341.17,-1.0,73.38,5677.89,7821.95,0,1,65064.13,60437.216665157764,69252.84629708182
4,4,2012/4/13,55376.94,12506.74,5941.43,30.84,3915.29,4392.95,0,1,55656.816,51029.904165157764,59845.53379708182
4,4,2012/4/20,60090.83,2774.39,4279.41,43.43,2409.97,4544.22,0,1,60277.02,55650.107290157764,64465.73692208182
4,4,2012/4/27,57200.35,3993.66,97.77,26.68,113.37,3947.45,0,1,56904.016,52277.103383907764,61092.73301583182
8,13,2010/2/5,28075.31,-1.0,-1.0,-1.0,-1.0,-1.0,0,1,28196.582,26475.725453958676,29865.97307143195
8,13,2010/2/12,24796.02,-1.0,-1.0,-1.0,-1.0,-1.0,1,5,25397.723,23676.866078958676,27067.11369643195
8,13,2010/2/19,26096.85,-1.0,-1.0,-1.0,-1.0,-1.0,0,1,26321.225,24600.368032083676,27990.61564955695
8,13,2010/2/26,26008.25,-1.0,-1.0,-1.0,-1.0,-1.0,0,1,25455.363,23734.506703958676,27124.75432143195
8,13,2010/3/5,25287.83,-1.0,-1.0,-1.0,-1.0,-1.0,0,1,27711.086,25990.229360208676,29380.47697768195
8,13,2010/3/12,24418.38,-1.0,-1.0,-1.0,-1.0,-1.0,0,1,25373.598,23652.741078958676,27042.98869643195
8,13,2010/3/19,24938.74,-1.0,-1.0,-1.0,-1.0,-1.0,0,1,22194.07,20473.213735208676,23863.46135268195
8,13,2010/3/26,21807.92,-1.0,-1.0,-1.0,-1.0,-1.0,0,1,21621.111,19900.254750833676,23290.50236830695
8,13,2010/4/2,25424.72,-1.0,-1.0,-1.0,-1.0,-1.0,0,1,26182.152,24461.295766458676,27851.54338393195
8,13,2010/4/9,24755.59,-1.0,-1.0,-1.0,-1.0,-1.0,0,1,24424.953,22704.096547708676,26094.34416518195
8,13,2010/4/16,27532.16,-1.0,-1.0,-1.0,-1.0,-1.0,0,1,26033.178,24312.321157083676,27702.56877455695
8,13,2010/4/23,25460.28,-1.0,-1.0,-1.0,-1.0,-1.0,0,1,25303.398,23582.541860208676,26972.78947768195
8,13,2010/4/30,24868.48,-1.0,-1.0,-1.0,-1.0,-1.0,0,1,24556.143,22835.286000833676,26225.53361830695
8,13,2010/5/7,25136.39,-1.0,-1.0,-1.0,-1.0,-1.0,0,1,25501.07,23780.213735208676,27170.46135268195
8,13,2010/5/14,22342.74,-1.0,-1.0,-1.0,-1.0,-1.0,0,1,22377.227,20656.369985208676,24046.61760268195
8,13,2010/5/21,24681.43,-1.0,-1.0,-1.0,-1.0,-1.0,0,1,24420.143,22699.286000833676,26089.53361830695
8,13,2010/5/28,25022.97,-1.0,-1.0,-1.0,-1.0,-1.0,0,1,24342.352,22621.494985208676,26011.74260268195
8,13,2010/6/4,27346.5,-1.0,-1.0,-1.0,-1.0,-1.0,0,1,25739.48,24018.623891458676,27408.87150893195
8,13,2010/6/11,24658.16,-1.0,-1.0,-1.0,-1.0,-1.0,0,1,24026.373,22305.516469583676,25695.76408705695
8,13,2010/6/18,24240.93,-1.0,-1.0,-1.0,-1.0,-1.0,0,1,23936.648,22215.791860208676,25606.03947768195
8,13,2010/6/25,22807.43,-1.0,-1.0,-1.0,-1.0,-1.0,0,1,23289.95,21569.092641458676,24959.34025893195
8,13,2010/7/2,24645.07,-1.0,-1.0,-1.0,-1.0,-1.0,0,1,25846.05,24125.194203958676,27515.44182143195
8,13,2010/7/9,26593.86,-1.0,-1.0,-1.0,-1.0,-1.0,0,1,24286.658,22565.801625833676,25956.04924330695
8,13,2010/7/16,25551.32,-1.0,-1.0,-1.0,-1.0,-1.0,0,1,24462.182,22741.325063333676,26131.57268080695
8,13,2010/7/23,23975.34,-1.0,-1.0,-1.0,-1.0,-1.0,0,1,24240.23,22519.373891458676,25909.62150893195
8,13,2010/7/30,25225.56,-1.0,-1.0,-1.0,-1.0,-1.0,0,1,24339.644,22618.787953958676,26009.03557143195
8,13,2010/8/6,26253.01,-1.0,-1.0,-1.0,-1.0,-1.0,0,1,26262.965,24542.108266458676,27932.35588393195
8,13,2010/8/13,25970.86,-1.0,-1.0,-1.0,-1.0,-1.0,0,1,24845.547,23124.690297708676,26514.93791518195
8,13,2010/8/20,25765.33,-1.0,-1.0,-1.0,-1.0,-1.0,0,1,25788.021,24067.164907083676,27457.41252455695
8,13,2010/8/27,27195.08,-1.0,-1.0,-1.0,-1.0,-1.0,0,1,26229.832,24508.975453958676,27899.22307143195
8,13,2010/9/3,27843.55,-1.0,-1.0,-1.0,-1.0,-1.0,0,1,27456.602,25735.744985208676,29125.99260268195
8,13,2010/9/10,26011.94,-1.0,-1.0,-1.0,-1.0,-1.0,1,5,25494.242,23773.385610208676,27163.63322768195
8,13,2010/9/17,25020.86,-1.0,-1.0,-1.0,-1.0,-1.0,0,1,25124.066,23403.209828958676,26793.45744643195
8,13,2010/9/24,24692.78,-1.0,-1.0,-1.0,-1.0,-1.0,0,1,24680.191,22959.334828958676,26349.58244643195
8,13,2010/10/1,26683.29,-1.0,-1.0,-1.0,-1.0,-1.0,0,1,26693.135,24972.278188333676,28362.52580580695
8,13,2010/10/8,27711.88,-1.0,-1.0,-1.0,-1.0,-1.0,0,1,26663.9,24943.043813333676,28333.29143080695
8,13,2010/10/15,25246.96,-1.0,-1.0,-1.0,-1.0,-1.0,0,1,25303.77,23582.912953958676,26973.16057143195
8,13,2010/10/22,26865.95,-1.0,-1.0,-1.0,-1.0,-1.0,0,1,25606.12,23885.262563333676,27275.51018080695
8,13,2010/10/29,25564.47,-1.0,-1.0,-1.0,-1.0,-1.0,0,1,25119.69,23398.832875833676,26789.08049330695
8,13,2010/11/5,28470.41,-1.0,-1.0,-1.0,-1.0,-1.0,0,1,27041.049,25320.192250833676,28710.43986830695
8,13,2010/11/12,25281.75,-1.0,-1.0,-1.0,-1.0,-1.0,0,1,24806.594,23085.737172708676,26475.98479018195
8,13,2010/11/19,23922.99,-1.0,-1.0,-1.0,-1.0,-1.0,0,1,24362.547,22641.690297708676,26031.93791518195
8,13,2010/11/26,26052.64,-1.0,-1.0,-1.0,-1.0,-1.0,1,5,26067.03,24346.172719583676,27736.42033705695
8,13,2010/12/3,24083.01,-1.0,-1.0,-1.0,-1.0,-1.0,0,1,24284.617,22563.760610208676,25954.00822768195
8,13,2010/12/10,24660.46,-1.0,-1.0,-1.0,-1.0,-1.0,0,1,23798.127,22077.270375833676,25467.51799330695
8,13,2010/12/17,23892.03,-1.0,-1.0,-1.0,-1.0,-1.0,0,1,23714.61,21993.752797708676,25384.00041518195
8,13,2010/12/24,24128.98,-1.0,-1.0,-1.0,-1.0,-1.0,0,1,24345.959,22625.102407083676,26015.35002455695
8,13,2010/12/31,22785.05,-1.0,-1.0,-1.0,-1.0,-1.0,1,5,21020.902,19300.045766458676,22690.29338393195
8,13,2011/1/7,27449.02,-1.0,-1.0,-1.0,-1.0,-1.0,0,1,25864.648,24143.791860208676,27534.03947768195
8,13,2011/1/14,24289.0,-1.0,-1.0,-1.0,-1.0,-1.0,0,1,24549.68,22828.823110208676,26219.07072768195
8,13,2011/1/21,25904.25,-1.0,-1.0,-1.0,-1.0,-1.0,0,1,24619.88,22899.024282083676,26289.27189955695
8,13,2011/1/28,23584.34,-1.0,-1.0,-1.0,-1.0,-1.0,0,1,24398.195,22677.338735208676,26067.58635268195
8,13,2011/2/4,24577.06,-1.0,-1.0,-1.0,-1.0,-1.0,0,1,24549.978,22829.121938333676,26219.36955580695
8,13,2011/2/11,24772.37,-1.0,-1.0,-1.0,-1.0,-1.0,1,5,24520.738,22799.881703958676,26190.12932143195
8,13,2011/2/18,27915.88,-1.0,-1.0,-1.0,-1.0,-1.0,0,1,26655.873,24935.016469583676,28325.26408705695
8,13,2011/2/25,28158.19,-1.0,-1.0,-1.0,-1.0,-1.0,0,1,26780.644,25059.787953958676,28450.03557143195
8,13,2011/3/4,28053.73,-1.0,-1.0,-1.0,-1.0,-1.0,0,1,26262.7,24541.842641458676,27932.09025893195
8,13,2011/3/11,26416.72,-1.0,-1.0,-1.0,-1.0,-1.0,0,1,25946.777,24225.920766458676,27616.16838393195
8,13,2011/3/18,25385.04,-1.0,-1.0,-1.0,-1.0,-1.0,0,1,25875.777,24154.920766458676,27545.16838393195
8,13,2011/3/25,23383.4,-1.0,-1.0,-1.0,-1.0,-1.0,0,1,23129.29,21408.432485208676,24798.68010268195
8,13,2011/4/1,24494.91,-1.0,-1.0,-1.0,-1.0,-1.0,0,1,24372.516,22651.659047708676,26041.90666518195
8,13,2011/4/8,26225.16,-1.0,-1.0,-1.0,-1.0,-1.0,0,1,25677.93,23957.073110208676,27347.32072768195
8,13,2011/4/15,24775.38,-1.0,-1.0,-1.0,-1.0,-1.0,0,1,24562.885,22842.028188333676,26232.27580580695
8,13,2011/4/22,25271.02,-1.0,-1.0,-1.0,-1.0,-1.0,0,1,25191.986,23471.129750833676,26861.37736830695
8,13,2011/4/29,23412.92,-1.0,-1.0,-1.0,-1.0,-1.0,0,1,24003.67,22282.813344583676,25673.06096205695
8,13,2011/5/6,26234.43,-1.0,-1.0,-1.0,-1.0,-1.0,0,1,25280.299,23559.442250833676,26949.68986830695
8,13,2011/5/13,22980.91,-1.0,-1.0,-1.0,-1.0,-1.0,0,1,22697.021,20976.164907083676,24366.41252455695
8,13,2011/5/20,26005.44,-1.0,-1.0,-1.0,-1.0,-1.0,0,1,24837.951,23117.094594583676,26507.34221205695
8,13,2011/5/27,24037.02,-1.0,-1.0,-1.0,-1.0,-1.0,0,1,24970.973,23250.116078958676,26640.36369643195
8,13,2011/6/3,25768.51,-1.0,-1.0,-1.0,-1.0,-1.0,0,1,25429.115,23708.258657083676,27098.50627455695
8,13,2011/6/10,24849.79,-1.0,-1.0,-1.0,-1.0,-1.0,0,1,24458.527,22737.670766458676,26127.91838393195
8,13,2011/6/17,23728.84,-1.0,-1.0,-1.0,-1.0,-1.0,0,1,24125.42,22404.563344583676,25794.81096205695
8,13,2011/6/24,23791.44,-1.0,-1.0,-1.0,-1.0,-1.0,0,1,23634.912,21914.055532083676,25304.30314955695
8,13,2011/7/1,24915.04,-1.0,-1.0,-1.0,-1.0,-1.0,0,1,24522.523,22801.666860208676,26191.91447768195
8,13,2011/7/8,23993.59,-1.0,-1.0,-1.0,-1.0,-1.0,0,1,25184.768,23463.911000833676,26854.15861830695
8,13,2011/7/15,22825.12,-1.0,-1.0,-1.0,-1.0,-1.0,0,1,23356.773,21635.916860208676,25026.16447768195
8,13,2011/7/22,24957.14,-1.0,-1.0,-1.0,-1.0,-1.0,0,1,24748.732,23027.875844583676,26418.12346205695
8,13,2011/7/29,24665.22,-1.0,-1.0,-1.0,-1.0,-1.0,0,1,23622.264,21901.407094583676,25291.65471205695
8,13,2011/8/5,26432.34,-1.0,-1.0,-1.0,-1.0,-1.0,0,1,26459.11,24738.252797708676,28128.50041518195
8,13,2011/8/12,23823.16,-1.0,-1.0,-1.0,-1.0,-1.0,0,1,23890.016,22169.159047708676,25559.40666518195
8,13,2011/8/19,25821.13,-1.0,-1.0,-1.0,-1.0,-1.0,0,1,25478.367,23757.510610208676,27147.75822768195
8,13,2011/8/26,26818.89,-1.0,-1.0,-1.0,-1.0,-1.0,0,1,26053.973,24333.116078958676,27723.36369643195
8,13,2011/9/2,26449.25,-1.0,-1.0,-1.0,-1.0,-1.0,0,1,26268.435,24547.578969583676,27937.82658705695
8,13,2011/9/9,24965.36,-1.0,-1.0,-1.0,-1.0,-1.0,1,5,24786.867,23066.010610208676,26456.25822768195
8,13,2011/9/16,24270.32,-1.0,-1.0,-1.0,-1.0,-1.0,0,1,24183.441,22462.584828958676,25852.83244643195
8,13,2011/9/23,25918.94,-1.0,-1.0,-1.0,-1.0,-1.0,0,1,25303.469,23582.612172708676,26972.85979018195
8,13,2011/9/30,23783.84,-1.0,-1.0,-1.0,-1.0,-1.0,0,1,23921.775,22200.918813333676,25591.16643080695
8,13,2011/10/7,28217.45,-1.0,-1.0,-1.0,-1.0,-1.0,0,1,27706.732,25985.875844583676,29376.12346205695
8,13,2011/10/14,24816.34,-1.0,-1.0,-1.0,-1.0,-1.0,0,1,24544.555,22823.698110208676,26213.94572768195
8,13,2011/10/21,26357.27,-1.0,-1.0,-1.0,-1.0,-1.0,0,1,26071.408,24350.551625833676,27740.79924330695
8,13,2011/10/28,24522.33,-1.0,-1.0,-1.0,-1.0,-1.0,0,1,24333.31,22612.453969583676,26002.70158705695
8,13,2011/11/4,26982.0,-1.0,-1.0,-1.0,-1.0,-1.0,0,1,26828.072,25107.215688333676,28497.46330580695
8,13,2011/11/11,24624.63,4971.01,4538.18,541.05,1407.72,3846.73,0,1,24494.172,22773.315297708676,26163.56291518195
8,13,2011/11/18,24308.73,6839.45,114.32,166.32,868.79,4442.66,0,1,24476.81,22755.953969583676,26146.20158705695
8,13,2011/11/25,23856.03,437.61,320.76,45968.51,110.41,992.9,1,5,23918.02,22197.162953958676,25587.41057143195
8,13,2011/12/2,24209.62,2222.42,286.0,1464.46,1192.79,13865.57,0,1,23684.6,21963.743032083676,25353.99064955695
8,13,2011/12/9,22460.28,4425.92,36.0,346.05,1791.15,9889.35,0,1,22364.853,20643.996938333676,24034.24455580695
8,13,2011/12/16,22309.34,739.45,34.0,326.76,169.2,2238.66,0,1,22190.443,20469.586782083676,23859.83439955695
8,13,2011/12/23,25399.05,1234.0,0.3,891.94,14.0,5884.24,0,1,24516.06,22795.203969583676,26185.45158705695
8,13,2011/12/30,20190.54,3701.08,36381.83,164.34,178.4,1508.56,1,5,20190.54,18469.682485208676,21859.93010268195
8,13,2012/1/6,26344.46,3093.39,26001.46,96.35,500.91,4468.63,0,1,25921.543,24200.686391458676,27590.93400893195
8,13,2012/1/13,23635.84,6725.29,12764.99,15.98,299.73,3851.69,0,1,23851.195,22130.338735208676,25520.58635268195
8,13,2012/1/20,24109.0,1643.08,1055.47,9.02,411.88,3161.92,0,1,24312.977,22592.119985208676,25982.36760268195
8,13,2012/1/27,24338.44,6065.01,730.16,15.18,30.28,24241.12,0,1,24319.566,22598.709828958676,25988.95744643195
8,13,2012/2/3,26011.22,41524.03,1412.41,83.15,18723.56,3886.31,0,1,25699.238,23978.381703958676,27368.62932143195
8,13,2012/2/10,25251.55,9332.6,3298.88,32.12,6530.08,4858.74,1,5,25118.611,23397.754750833676,26788.00236830695
8,13,2012/2/17,25180.31,4376.58,10723.12,10.5,1546.82,4117.02,0,1,25076.738,23355.881703958676,26746.12932143195
8,13,2012/2/24,25853.28,9712.39,4960.15,1.0,2441.26,5314.33,0,1,25424.332,23703.475453958676,27093.72307143195
8,13,2012/3/2,27310.03,19521.45,1000.19,0.6,5819.37,3641.54,0,1,26954.812,25233.955922708676,28624.20354018195
8,13,2012/3/9,25729.53,7740.12,269.44,2.0,509.65,4678.17,0,1,25512.625,23791.768422708676,27182.01604018195
8,13,2012/3/16,25523.98,4879.04,501.9,6.14,1078.01,1288.81,0,1,24884.576,23163.719594583676,26553.96721205695
8,13,2012/3/23,24955.02,6155.76,499.11,2.04,403.32,2748.36,0,1,24454.435,22733.578969583676,26123.82658705695
8,13,2012/3/30,23980.62,6052.68,121.67,-1.0,375.27,1715.7,0,1,23702.697,21981.840688333676,25372.08830580695
8,13,2012/4/6,26456.45,6821.13,-1.0,27.04,2101.86,3627.77,0,1,26386.76,24665.903188333676,28056.15080580695
8,13,2012/4/13,23482.18,7627.83,4689.55,4.2,940.82,1723.28,0,1,23223.633,21502.776235208676,24893.02385268195
8,13,2012/4/20,24567.96,3600.79,2105.64,4.9,1768.65,14945.23,0,1,24732.93,23012.073110208676,26402.32072768195
8,13,2012/4/27,24413.89,5440.25,1.5,2.2,15.6,3302.44,0,1,23951.166,22230.309438333676,25620.55705580695
1,13,2010/2/5,41969.29,-1.0,-1.0,-1.0,-1.0,-1.0,0,1,41237.72,39113.62137434615,44782.118261070515
1,13,2010/2/12,36476.4,-1.0,-1.0,-1.0,-1.0,-1.0,1,5,37613.07,35488.97293684615,41157.469823570515
1,13,2010/2/19,37857.68,-1.0,-1.0,-1.0,-1.0,-1.0,0,1,37180.5,35056.40262434615,40724.899511070515
1,13,2010/2/26,37467.32,-1.0,-1.0,-1.0,-1.0,-1.0,0,1,36709.33,34585.23074934615,40253.727636070515
1,13,2010/3/5,40423.95,-1.0,-1.0,-1.0,-1.0,-1.0,0,1,40132.76,38008.66434309615,43677.161229820515
1,13,2010/3/12,35833.07,-1.0,-1.0,-1.0,-1.0,-1.0,0,1,36477.82,34353.72293684615,40022.219823570515
1,13,2010/3/19,36807.21,-1.0,-1.0,-1.0,-1.0,-1.0,0,1,36913.492,34789.39481184615,40457.891698570515
1,13,2010/3/26,35431.73,-1.0,-1.0,-1.0,-1.0,-1.0,0,1,35266.812,33142.71512434615,38811.212011070515
1,13,2010/4/2,38104.53,-1.0,-1.0,-1.0,-1.0,-1.0,0,1,38596.027,36471.92996809615,42140.426854820515
1,13,2010/4/9,37638.44,-1.0,-1.0,-1.0,-1.0,-1.0,0,1,37374.96,35250.86356184615,40919.360448570515
1,13,2010/4/16,36663.26,-1.0,-1.0,-1.0,-1.0,-1.0,0,1,37641.47,35517.37137434615,41185.868261070515
1,13,2010/4/23,36058.1,-1.0,-1.0,-1.0,-1.0,-1.0,0,1,36237.25,34113.15262434615,39781.649511070515
1,13,2010/4/30,36717.2,-1.0,-1.0,-1.0,-1.0,-1.0,0,1,36761.164,34637.06668684615,40305.563573570515
1,13,2010/5/7,40113.4,-1.0,-1.0,-1.0,-1.0,-1.0,0,1,39545.594,37421.49637434615,43089.993261070515
1,13,2010/5/14,36499.93,-1.0,-1.0,-1.0,-1.0,-1.0,0,1,36096.766,33972.66824934615,39641.165136070515
1,13,2010/5/21,38569.83,-1.0,-1.0,-1.0,-1.0,-1.0,0,1,38267.266,36143.16824934615,41811.665136070515
1,13,2010/5/28,38347.52,-1.0,-1.0,-1.0,-1.0,-1.0,0,1,37107.125,34983.02762434615,40651.524511070515
1,13,2010/6/4,41388.81,-1.0,-1.0,-1.0,-1.0,-1.0,0,1,40469.656,38345.55887434615,44014.055761070515
1,13,2010/6/11,39657.1,-1.0,-1.0,-1.0,-1.0,-1.0,0,1,38685.64,36561.54324934615,42230.040136070515
1,13,2010/6/18,39165.29,-1.0,-1.0,-1.0,-1.0,-1.0,0,1,38404.83,36280.73074934615,41949.227636070515
1,13,2010/6/25,38697.24,-1.0,-1.0,-1.0,-1.0,-1.0,0,1,38419.594,36295.49637434615,41963.993261070515
1,13,2010/7/2,41214.94,-1.0,-1.0,-1.0,-1.0,-1.0,0,1,40589.754,38465.65653059615,44134.153417320515
1,13,2010/7/9,41056.4,-1.0,-1.0,-1.0,-1.0,-1.0,0,1,39244.633,37120.53543684615,42789.032323570515
1,13,2010/7/16,40150.0,-1.0,-1.0,-1.0,-1.0,-1.0,0,1,38323.61,36199.51199934615,41868.008886070515
1,13,2010/7/23,40552.37,-1.0,-1.0,-1.0,-1.0,-1.0,0,1,39150.203,37026.10574934615,42694.602636070515
1,13,2010/7/30,38018.99,-1.0,-1.0,-1.0,-1.0,-1.0,0,1,38293.54,36169.44168684615,41837.938573570515
1,13,2010/8/6,42038.03,-1.0,-1.0,-1.0,-1.0,-1.0,0,1,42030.17,39906.07449934615,45574.571386070515
1,13,2010/8/13,37869.12,-1.0,-1.0,-1.0,-1.0,-1.0,0,1,39269.32,37145.22293684615,42813.719823570515
1,13,2010/8/20,41509.62,-1.0,-1.0,-1.0,-1.0,-1.0,0,1,40660.734,38536.63699934615,44205.133886070515
1,13,2010/8/27,41175.86,-1.0,-1.0,-1.0,-1.0,-1.0,0,1,40141.394,38017.29715559615,43685.794042320515
1,13,2010/9/3,44863.15,-1.0,-1.0,-1.0,-1.0,-1.0,0,1,43313.53,41189.43387434615,46857.930761070515
1,13,2010/9/10,39525.93,-1.0,-1.0,-1.0,-1.0,-1.0,1,5,39375.28,37251.18387434615,42919.680761070515
1,13,2010/9/17,38416.22,-1.0,-1.0,-1.0,-1.0,-1.0,0,1,38829.687,36705.59012434615,42374.087011070515
1,13,2010/9/24,37293.43,-1.0,-1.0,-1.0,-1.0,-1.0,0,1,37666.555,35542.45731184615,41210.954198570515
1,13,2010/10/1,40474.22,-1.0,-1.0,-1.0,-1.0,-1.0,0,1,40564.25,38440.15262434615,44108.649511070515
1,13,2010/10/8,42139.25,-1.0,-1.0,-1.0,-1.0,-1.0,0,1,41045.484,38921.38699934615,44589.883886070515
1,13,2010/10/15,38749.62,-1.0,-1.0,-1.0,-1.0,-1.0,0,1,38399.258,36275.16043684615,41943.657323570515
1,13,2010/10/22,34712.4,-1.0,-1.0,-1.0,-1.0,-1.0,0,1,36922.727,34798.62918684615,40467.126073570515
1,13,2010/10/29,37762.12,-1.0,-1.0,-1.0,-1.0,-1.0,0,1,37675.187,35551.09012434615,41219.587011070515
1,13,2010/11/5,41085.66,-1.0,-1.0,-1.0,-1.0,-1.0,0,1,41516.08,39391.98074934615,45060.477636070515
1,13,2010/11/12,36817.35,-1.0,-1.0,-1.0,-1.0,-1.0,0,1,37641.08,35516.98074934615,41185.477636070515
1,13,2010/11/19,38446.26,-1.0,-1.0,-1.0,-1.0,-1.0,0,1,38274.5,36150.40262434615,41818.899511070515
1,13,2010/11/26,38371.99,-1.0,-1.0,-1.0,-1.0,-1.0,1,5,38478.016,36353.91824934615,42022.415136070515
1,13,2010/12/3,36170.88,-1.0,-1.0,-1.0,-1.0,-1.0,0,1,36793.445,34669.34793684615,40337.844823570515
1,13,2010/12/10,34749.11,-1.0,-1.0,-1.0,-1.0,-1.0,0,1,35870.5,33746.40262434615,39414.899511070515
1,13,2010/12/17,35237.93,-1.0,-1.0,-1.0,-1.0,-1.0,0,1,36254.465,34130.36746809615,39798.864354820515
1,13,2010/12/24,37099.47,-1.0,-1.0,-1.0,-1.0,-1.0,0,1,39548.844,37424.74637434615,43093.243261070515
1,13,2010/12/31,34081.52,-1.0,-1.0,-1.0,-1.0,-1.0,1,5,35579.83,33455.73074934615,39124.227636070515
1,13,2011/1/7,39764.56,-1.0,-1.0,-1.0,-1.0,-1.0,0,1,40599.543,38475.44559309615,44143.942479820515
1,13,2011/1/14,33668.55,-1.0,-1.0,-1.0,-1.0,-1.0,0,1,34812.367,32688.26981184615,38356.766698570515
1,13,2011/1/21,35961.99,-1.0,-1.0,-1.0,-1.0,-1.0,0,1,36689.457,34565.35965559615,40233.856542320515
1,13,2011/1/28,36321.69,-1.0,-1.0,-1.0,-1.0,-1.0,0,1,36057.457,33933.35965559615,39601.856542320515
1,13,2011/2/4,38065.42,-1.0,-1.0,-1.0,-1.0,-1.0,0,1,38726.76,36602.66434309615,42271.161229820515
1,13,2011/2/11,36883.13,-1.0,-1.0,-1.0,-1.0,-1.0,1,5,36886.89,34762.79324934615,40431.290136070515
1,13,2011/2/18,37604.79,-1.0,-1.0,-1.0,-1.0,-1.0,0,1,38298.08,36173.98074934615,41842.477636070515
1,13,2011/2/25,37838.4,-1.0,-1.0,-1.0,-1.0,-1.0,0,1,38085.625,35961.52762434615,41630.024511070515
1,13,2011/3/4,42277.37,-1.0,-1.0,-1.0,-1.0,-1.0,0,1,42125.89,40001.79324934615,45670.290136070515
1,13,2011/3/11,37577.97,-1.0,-1.0,-1.0,-1.0,-1.0,0,1,37514.953,35390.85574934615,41059.352636070515
1,13,2011/3/18,36930.48,-1.0,-1.0,-1.0,-1.0,-1.0,0,1,36710.96,34586.86356184615,40255.360448570515
1,13,2011/3/25,36745.46,-1.0,-1.0,-1.0,-1.0,-1.0,0,1,36498.644,34374.54715559615,40043.044042320515
1,13,2011/4/1,37630.13,-1.0,-1.0,-1.0,-1.0,-1.0,0,1,38207.992,36083.89481184615,41752.391698570515
1,13,2011/4/8,38076.86,-1.0,-1.0,-1.0,-1.0,-1.0,0,1,38239.52,36115.42215559615,41783.919042320515
1,13,2011/4/15,35263.45,-1.0,-1.0,-1.0,-1.0,-1.0,0,1,35596.848,33472.75028059615,39141.247167320515
1,13,2011/4/22,35464.71,-1.0,-1.0,-1.0,-1.0,-1.0,0,1,35926.773,33802.67606184615,39471.172948570515
1,13,2011/4/29,34311.69,-1.0,-1.0,-1.0,-1.0,-1.0,0,1,34640.437,32516.34012434615,38184.837011070515
1,13,2011/5/6,40581.52,-1.0,-1.0,-1.0,-1.0,-1.0,0,1,40392.78,38268.68387434615,43937.180761070515
1,13,2011/5/13,35378.71,-1.0,-1.0,-1.0,-1.0,-1.0,0,1,35307.348,33183.25028059615,38851.747167320515
1,13,2011/5/20,35816.48,-1.0,-1.0,-1.0,-1.0,-1.0,0,1,37702.336,35578.23856184615,41246.735448570515
1,13,2011/5/27,36203.13,-1.0,-1.0,-1.0,-1.0,-1.0,0,1,36100.29,33976.19168684615,39644.688573570515
1,13,2011/6/3,39884.82,-1.0,-1.0,-1.0,-1.0,-1.0,0,1,39751.664,37627.56668684615,43296.063573570515
1,13,2011/6/10,38080.39,-1.0,-1.0,-1.0,-1.0,-1.0,0,1,37870.855,35746.75809309615,41415.254979820515
1,13,2011/6/17,39020.06,-1.0,-1.0,-1.0,-1.0,-1.0,0,1,37593.305,35469.20731184615,41137.704198570515
1,13,2011/6/24,37316.12,-1.0,-1.0,-1.0,-1.0,-1.0,0,1,37509.687,35385.59012434615,41054.087011070515
1,13,2011/7/1,37414.14,-1.0,-1.0,-1.0,-1.0,-1.0,0,1,38580.43,36456.33231184615,42124.829198570515
1,13,2011/7/8,38193.09,-1.0,-1.0,-1.0,-1.0,-1.0,0,1,38697.68,36573.58231184615,42242.079198570515
1,13,2011/7/15,36966.32,-1.0,-1.0,-1.0,-1.0,-1.0,0,1,37404.242,35280.14481184615,40948.641698570515
1,13,2011/7/22,37990.15,-1.0,-1.0,-1.0,-1.0,-1.0,0,1,38575.03,36450.93387434615,42119.430761070515
1,13,2011/7/29,34910.1,-1.0,-1.0,-1.0,-1.0,-1.0,0,1,35666.95,33542.85184309615,39211.348729820515
1,13,2011/8/5,42542.66,-1.0,-1.0,-1.0,-1.0,-1.0,0,1,42293.133,40169.03543684615,45837.532323570515
1,13,2011/8/12,37593.97,-1.0,-1.0,-1.0,-1.0,-1.0,0,1,37708.11,35584.01199934615,41252.508886070515
1,13,2011/8/19,38533.7,-1.0,-1.0,-1.0,-1.0,-1.0,0,1,39124.992,37000.89481184615,42669.391698570515
1,13,2011/8/26,38727.3,-1.0,-1.0,-1.0,-1.0,-1.0,0,1,38132.953,36008.85574934615,41677.352636070515
1,13,2011/9/2,42713.81,-1.0,-1.0,-1.0,-1.0,-1.0,0,1,41896.508,39772.41043684615,45440.907323570515
1,13,2011/9/9,38045.63,-1.0,-1.0,-1.0,-1.0,-1.0,1,5,38490.023,36365.92606184615,42034.422948570515
1,13,2011/9/16,38382.65,-1.0,-1.0,-1.0,-1.0,-1.0,0,1,38377.293,36253.19559309615,41921.692479820515
1,13,2011/9/23,37645.66,-1.0,-1.0,-1.0,-1.0,-1.0,0,1,37868.17,35744.07449934615,41412.571386070515
1,13,2011/9/30,37928.28,-1.0,-1.0,-1.0,-1.0,-1.0,0,1,37868.332,35744.23465559615,41412.731542320515
1,13,2011/10/7,41151.28,-1.0,-1.0,-1.0,-1.0,-1.0,0,1,41411.914,39287.81668684615,44956.313573570515
1,13,2011/10/14,37531.43,-1.0,-1.0,-1.0,-1.0,-1.0,0,1,37718.906,35594.80887434615,41263.305761070515
1,13,2011/10/21,38272.21,-1.0,-1.0,-1.0,-1.0,-1.0,0,1,37591.89,35467.79324934615,41136.290136070515
1,13,2011/10/28,37117.02,-1.0,-1.0,-1.0,-1.0,-1.0,0,1,37229.363,35105.26590559615,40773.762792320515
1,13,2011/11/4,41907.62,-1.0,-1.0,-1.0,-1.0,-1.0,0,1,41261.18,39137.08231184615,44805.579198570515
1,13,2011/11/11,37255.89,10382.9,6115.67,215.07,2406.62,6551.42,0,1,37361.594,35237.49637434615,40905.993261070515
1,13,2011/11/18,37077.82,6074.12,254.39,51.98,427.39,5988.57,0,1,37296.383,35172.28543684615,40840.782323570515
1,13,2011/11/25,38625.48,410.31,98.0,55805.51,8.0,554.92,1,5,38659.594,36535.49637434615,42203.993261070515
1,13,2011/12/2,37507.93,5629.51,68.0,1398.11,2084.64,20475.32,0,1,36802.516,34678.41824934615,40346.915136070515
1,13,2011/12/9,36404.7,4640.65,19.0,105.02,3639.42,14461.82,0,1,36315.414,34191.31668684615,39859.813573570515
1,13,2011/12/16,32782.17,5011.32,67.0,347.37,225.79,4011.37,0,1,33356.9,31232.80106184615,36901.297948570515
1,13,2011/12/23,36950.91,2725.36,40.48,634.7,24.9,2739.43,0,1,37069.758,34945.66043684615,40614.157323570515
1,13,2011/12/30,32871.95,5762.1,46011.38,260.36,983.65,4735.78,1,5,33516.566,31392.46903059615,37060.965917320515
1,13,2012/1/6,41411.4,6277.39,21813.16,143.1,1450.13,8483.0,0,1,41603.434,39479.33621809615,45147.833104820515
1,13,2012/1/13,38000.25,5183.29,8025.87,42.24,453.08,3719.38,0,1,37519.168,35395.07059309615,41063.567479820515
1,13,2012/1/20,37433.66,4139.87,2807.19,33.88,500.62,3400.21,0,1,37001.55,34877.45340559615,40545.950292320515
1,13,2012/1/27,34312.26,1164.46,1082.74,44.0,11.0,1222.19,0,1,35263.437,33139.34012434615,38807.837011070515
1,13,2012/2/3,43478.58,34577.06,3579.21,160.53,32403.87,5630.4,0,1,42543.437,40419.34012434615,46087.837011070515
1,13,2012/2/10,43041.97,13925.06,6927.23,101.64,8471.88,6886.04,1,5,40665.383,38541.28543684615,44209.782323570515
1,13,2012/2/17,38622.92,9873.33,11062.27,9.8,8409.31,3402.66,0,1,38668.508,36544.41043684615,42212.907323570515
1,13,2012/2/24,40079.43,9349.61,7556.01,3.2,1219.92,8143.59,0,1,39852.1,37728.00418684615,43396.501073570515
1,13,2012/3/2,44565.32,15441.4,1569.0,10.8,25390.88,8067.61,0,1,43553.516,41429.41824934615,47097.915136070515
1,13,2012/3/9,40001.72,10331.04,151.88,6.0,671.43,5509.84,0,1,39969.496,37845.39871809615,43513.895604820515
1,13,2012/3/16,38322.83,4298.16,7.5,2.02,2724.65,2017.69,0,1,38241.453,36117.35574934615,41785.852636070515
1,13,2012/3/23,37801.64,6118.56,9.48,4.97,426.72,3657.22,0,1,38044.29,35920.19168684615,41588.688573570515
1,13,2012/3/30,38696.88,10309.58,0.5,10.25,1654.17,2642.78,0,1,37888.977,35764.87918684615,41433.376073570515
1,13,2012/4/6,44270.3,10121.97,-1.0,77.98,3750.59,4510.72,0,1,43877.953,41753.85574934615,47422.352636070515
1,13,2012/4/13,39099.61,6186.19,3288.69,17.07,1822.55,1063.78,0,1,38903.47,36779.37137434615,42447.868261070515
1,13,2012/4/20,39499.85,2230.8,612.02,19.75,275.13,5747.1,0,1,39172.32,37048.22293684615,42716.719823570515
1,13,2012/4/27,39077.84,3221.25,-1.0,35.49,577.14,6222.25,0,1,38768.01,36643.91434309615,42312.411229820515
13,8,2010/2/5,40372.38,-1.0,-1.0,-1.0,-1.0,-1.0,0,1,40692.644,38668.44552005829,43576.86297603546
13,8,2010/2/12,37958.97,-1.0,-1.0,-1.0,-1.0,-1.0,1,5,38192.453,36168.25411380829,41076.67156978546
13,8,2010/2/19,36753.34,-1.0,-1.0,-1.0,-1.0,-1.0,0,1,37356.22,35332.01973880829,40240.43719478546
13,8,2010/2/26,36803.99,-1.0,-1.0,-1.0,-1.0,-1.0,0,1,36702.336,34678.13692630829,39586.55438228546
13,8,2010/3/5,38669.87,-1.0,-1.0,-1.0,-1.0,-1.0,0,1,37850.773,35826.57442630829,40734.99188228546
13,8,2010/3/12,36524.26,-1.0,-1.0,-1.0,-1.0,-1.0,0,1,37612.016,35587.81661380829,40496.23406978546
13,8,2010/3/19,35677.4,-1.0,-1.0,-1.0,-1.0,-1.0,0,1,36236.125,34211.92598880829,39120.34344478546
13,8,2010/3/26,35853.5,-1.0,-1.0,-1.0,-1.0,-1.0,0,1,35187.973,33163.77364505829,38072.19110103546
13,8,2010/4/2,40820.32,-1.0,-1.0,-1.0,-1.0,-1.0,0,1,38432.625,36408.42598880829,41316.84344478546
13,8,2010/4/9,36058.07,-1.0,-1.0,-1.0,-1.0,-1.0,0,1,36258.54,34234.34005130829,39142.75750728546
13,8,2010/4/16,34749.52,-1.0,-1.0,-1.0,-1.0,-1.0,0,1,36193.4,34169.19942630829,39077.61688228546
13,8,2010/4/23,35002.52,-1.0,-1.0,-1.0,-1.0,-1.0,0,1,35542.414,33518.21505130829,38426.63250728546
13,8,2010/4/30,35182.28,-1.0,-1.0,-1.0,-1.0,-1.0,0,1,34620.47,32596.269738808285,37504.68719478546
13,8,2010/5/7,38033.08,-1.0,-1.0,-1.0,-1.0,-1.0,0,1,37363.437,35339.23848880829,40247.65594478546
13,8,2010/5/14,33487.64,-1.0,-1.0,-1.0,-1.0,-1.0,0,1,34844.78,32820.58223880829,37728.99969478546
13,8,2010/5/21,34012.74,-1.0,-1.0,-1.0,-1.0,-1.0,0,1,35355.914,33331.71505130829,38240.13250728546
13,8,2010/5/28,35828.7,-1.0,-1.0,-1.0,-1.0,-1.0,0,1,34787.12,32762.922082558285,37671.33953853546
13,8,2010/6/4,36633.87,-1.0,-1.0,-1.0,-1.0,-1.0,0,1,36901.664,34877.46505130829,39785.88250728546
13,8,2010/6/11,36583.64,-1.0,-1.0,-1.0,-1.0,-1.0,0,1,35512.04,33487.84005130829,38396.25750728546
13,8,2010/6/18,36488.79,-1.0,-1.0,-1.0,-1.0,-1.0,0,1,35783.51,33759.31270755829,38667.73016353546
13,8,2010/6/25,33928.47,-1.0,-1.0,-1.0,-1.0,-1.0,0,1,34117.01,32092.812707558285,37001.23016353546
13,8,2010/7/2,36764.1,-1.0,-1.0,-1.0,-1.0,-1.0,0,1,36632.27,34608.07052005829,39516.48797603546
13,8,2010/7/9,32591.17,-1.0,-1.0,-1.0,-1.0,-1.0,0,1,33688.88,31664.679895058285,36573.09735103546
13,8,2010/7/16,34538.39,-1.0,-1.0,-1.0,-1.0,-1.0,0,1,34976.832,32952.63302005829,37861.05047603546
13,8,2010/7/23,34699.6,-1.0,-1.0,-1.0,-1.0,-1.0,0,1,34440.613,32416.414270058285,37324.83172603546
13,8,2010/7/30,32075.25,-1.0,-1.0,-1.0,-1.0,-1.0,0,1,34060.812,32036.613488808285,36945.03094478546
13,8,2010/8/6,35071.44,-1.0,-1.0,-1.0,-1.0,-1.0,0,1,35992.76,33968.56270755829,38876.98016353546
13,8,2010/8/13,31096.08,-1.0,-1.0,-1.0,-1.0,-1.0,0,1,33989.72,31965.519738808285,36873.93719478546
13,8,2010/8/20,34240.43,-1.0,-1.0,-1.0,-1.0,-1.0,0,1,34118.92,32094.722863808285,37003.14031978546
13,8,2010/8/27,33368.37,-1.0,-1.0,-1.0,-1.0,-1.0,0,1,33954.48,31930.281457558285,36838.69891353546
13,8,2010/9/3,37037.95,-1.0,-1.0,-1.0,-1.0,-1.0,0,1,35742.375,33718.17598880829,38626.59344478546
13,8,2010/9/10,33489.04,-1.0,-1.0,-1.0,-1.0,-1.0,1,5,34500.273,32476.074426308285,37384.49188228546
13,8,2010/9/17,33504.28,-1.0,-1.0,-1.0,-1.0,-1.0,0,1,33802.098,31777.898645058285,36686.31610103546
13,8,2010/9/24,33944.06,-1.0,-1.0,-1.0,-1.0,-1.0,0,1,33956.86,31932.660363808285,36841.07781978546
13,8,2010/10/1,35698.18,-1.0,-1.0,-1.0,-1.0,-1.0,0,1,35865.695,33841.49630130829,38749.91375728546
13,8,2010/10/8,35790.64,-1.0,-1.0,-1.0,-1.0,-1.0,0,1,36411.484,34387.28536380829,39295.70281978546
13,8,2010/10/15,35239.04,-1.0,-1.0,-1.0,-1.0,-1.0,0,1,35604.15,33579.94942630829,38488.36688228546
13,8,2010/10/22,34864.87,-1.0,-1.0,-1.0,-1.0,-1.0,0,1,35459.836,33435.63692630829,38344.05438228546
13,8,2010/10/29,37380.15,-1.0,-1.0,-1.0,-1.0,-1.0,0,1,35502.03,33477.83223880829,38386.24969478546
13,8,2010/11/5,37224.88,-1.0,-1.0,-1.0,-1.0,-1.0,0,1,38571.797,36547.59786380829,41456.01531978546
13,8,2010/11/12,37716.11,-1.0,-1.0,-1.0,-1.0,-1.0,0,1,35684.22,33660.01973880829,38568.43719478546
13,8,2010/11/19,35753.65,-1.0,-1.0,-1.0,-1.0,-1.0,0,1,35708.652,33684.45333255829,38592.87078853546
13,8,2010/11/26,40420.15,-1.0,-1.0,-1.0,-1.0,-1.0,1,5,37487.394,35463.19552005829,40371.61297603546
13,8,2010/12/3,38988.79,-1.0,-1.0,-1.0,-1.0,-1.0,0,1,38534.996,36510.79708255829,41419.21453853546
13,8,2010/12/10,41236.44,-1.0,-1.0,-1.0,-1.0,-1.0,0,1,40981.38,38957.17989505829,43865.59735103546
13,8,2010/12/17,42887.84,-1.0,-1.0,-1.0,-1.0,-1.0,0,1,40896.54,38872.34005130829,43780.75750728546
13,8,2010/12/24,56570.18,-1.0,-1.0,-1.0,-1.0,-1.0,0,1,48822.367,46798.16817630829,51706.58563228546
13,8,2010/12/31,30417.7,-1.0,-1.0,-1.0,-1.0,-1.0,1,5,32073.375,30049.175988808285,34957.59344478546
13,8,2011/1/7,36472.35,-1.0,-1.0,-1.0,-1.0,-1.0,0,1,36494.47,34470.26973880829,39378.68719478546
13,8,2011/1/14,35701.34,-1.0,-1.0,-1.0,-1.0,-1.0,0,1,34765.094,32740.894738808285,37649.31219478546
13,8,2011/1/21,36100.66,-1.0,-1.0,-1.0,-1.0,-1.0,0,1,34758.637,32734.437707558285,37642.85516353546
13,8,2011/1/28,33594.55,-1.0,-1.0,-1.0,-1.0,-1.0,0,1,33973.38,31949.179895058285,36857.59735103546
13,8,2011/2/4,39336.68,-1.0,-1.0,-1.0,-1.0,-1.0,0,1,38187.687,36163.48848880829,41071.90594478546
13,8,2011/2/11,36614.82,-1.0,-1.0,-1.0,-1.0,-1.0,1,5,36519.4,34495.19942630829,39403.61688228546
13,8,2011/2/18,37668.66,-1.0,-1.0,-1.0,-1.0,-1.0,0,1,36529.89,34505.69161380829,39414.10906978546
13,8,2011/2/25,37076.06,-1.0,-1.0,-1.0,-1.0,-1.0,0,1,36081.008,34056.80880130829,38965.22625728546
13,8,2011/3/4,39275.66,-1.0,-1.0,-1.0,-1.0,-1.0,0,1,38770.45,36746.25020755829,41654.66766353546
13,8,2011/3/11,36537.76,-1.0,-1.0,-1.0,-1.0,-1.0,0,1,36225.844,34201.64473880829,39110.06219478546
13,8,2011/3/18,35793.88,-1.0,-1.0,-1.0,-1.0,-1.0,0,1,35600.664,33576.46505130829,38484.88250728546
13,8,2011/3/25,36731.19,-1.0,-1.0,-1.0,-1.0,-1.0,0,1,35390.375,33366.17598880829,38274.59344478546
13,8,2011/4/1,36181.09,-1.0,-1.0,-1.0,-1.0,-1.0,0,1,36431.36,34407.16036380829,39315.57781978546
13,8,2011/4/8,36170.89,-1.0,-1.0,-1.0,-1.0,-1.0,0,1,36322.168,34297.96895755829,39206.38641353546
13,8,2011/4/15,34067.24,-1.0,-1.0,-1.0,-1.0,-1.0,0,1,33737.93,31713.730676308285,36622.14813228546
13,8,2011/4/22,36389.84,-1.0,-1.0,-1.0,-1.0,-1.0,0,1,35129.79,33105.59005130829,38014.00750728546
13,8,2011/4/29,35511.51,-1.0,-1.0,-1.0,-1.0,-1.0,0,1,33955.824,31931.625207558285,36840.04266353546
13,8,2011/5/6,37623.09,-1.0,-1.0,-1.0,-1.0,-1.0,0,1,37579.437,35555.23848880829,40463.65594478546
13,8,2011/5/13,32650.78,-1.0,-1.0,-1.0,-1.0,-1.0,0,1,32644.586,30620.386926308285,35528.80438228546
13,8,2011/5/20,34527.43,-1.0,-1.0,-1.0,-1.0,-1.0,0,1,34212.11,32187.910363808285,37096.32781978546
13,8,2011/5/27,33793.52,-1.0,-1.0,-1.0,-1.0,-1.0,0,1,34442.566,32418.367395058285,37326.78485103546
13,8,2011/6/3,37269.38,-1.0,-1.0,-1.0,-1.0,-1.0,0,1,36676.484,34652.28536380829,39560.70281978546
13,8,2011/6/10,34843.62,-1.0,-1.0,-1.0,-1.0,-1.0,0,1,34723.703,32699.504113808285,37607.92156978546
13,8,2011/6/17,35819.89,-1.0,-1.0,-1.0,-1.0,-1.0,0,1,34995.258,32971.05880130829,37879.47625728546
13,8,2011/6/24,34577.19,-1.0,-1.0,-1.0,-1.0,-1.0,0,1,34529.957,32505.758020058285,37414.17547603546
13,8,2011/7/1,35233.52,-1.0,-1.0,-1.0,-1.0,-1.0,0,1,34691.54,32667.340051308285,37575.75750728546
13,8,2011/7/8,34258.69,-1.0,-1.0,-1.0,-1.0,-1.0,0,1,33688.098,31663.898645058285,36572.31610103546
13,8,2011/7/15,33950.58,-1.0,-1.0,-1.0,-1.0,-1.0,0,1,33506.8,31482.601770058285,36391.01922603546
13,8,2011/7/22,33687.57,-1.0,-1.0,-1.0,-1.0,-1.0,0,1,33799.543,31775.343957558285,36683.76141353546
13,8,2011/7/29,31567.01,-1.0,-1.0,-1.0,-1.0,-1.0,0,1,31954.672,29930.472863808285,34838.89031978546
13,8,2011/8/5,37629.81,-1.0,-1.0,-1.0,-1.0,-1.0,0,1,36207.113,34182.91427005829,39091.33172603546
13,8,2011/8/12,33072.53,-1.0,-1.0,-1.0,-1.0,-1.0,0,1,32845.816,30821.617395058285,35730.03485103546
13,8,2011/8/19,34294.2,-1.0,-1.0,-1.0,-1.0,-1.0,0,1,33862.387,31838.187707558285,36746.60516353546
13,8,2011/8/26,31909.13,-1.0,-1.0,-1.0,-1.0,-1.0,0,1,32960.36,30936.160363808285,35844.57781978546
13,8,2011/9/2,35712.03,-1.0,-1.0,-1.0,-1.0,-1.0,0,1,35730.95,33706.75020755829,38615.16766353546
13,8,2011/9/9,36063.77,-1.0,-1.0,-1.0,-1.0,-1.0,1,5,34902.008,32877.80880130829,37786.22625728546
13,8,2011/9/16,34169.06,-1.0,-1.0,-1.0,-1.0,-1.0,0,1,34167.22,32143.019738808285,37051.43719478546
13,8,2011/9/23,34500.18,-1.0,-1.0,-1.0,-1.0,-1.0,0,1,34009.76,31985.562707558285,36893.98016353546
13,8,2011/9/30,33360.29,-1.0,-1.0,-1.0,-1.0,-1.0,0,1,33327.09,31302.890832558285,36211.30828853546
13,8,2011/10/7,38042.36,-1.0,-1.0,-1.0,-1.0,-1.0,0,1,36652.844,34628.64473880829,39537.06219478546
13,8,2011/10/14,34763.08,-1.0,-1.0,-1.0,-1.0,-1.0,0,1,34529.332,32505.133020058285,37413.55047603546
13,8,2011/10/21,36738.11,-1.0,-1.0,-1.0,-1.0,-1.0,0,1,35270.55,33246.35177005829,38154.76922603546
13,8,2011/10/28,35098.55,-1.0,-1.0,-1.0,-1.0,-1.0,0,1,35464.61,33440.41036380829,38348.82781978546
13,8,2011/11/4,38090.36,-1.0,-1.0,-1.0,-1.0,-1.0,0,1,37744.03,35719.83223880829,40628.24969478546
13,8,2011/11/11,37869.51,31400.97,30876.79,645.07,4407.38,7740.27,0,1,37010.14,34985.94161380829,39894.35906978546
13,8,2011/11/18,35870.46,11003.75,1090.92,89.88,1201.3,10231.67,0,1,36109.668,34085.46895755829,38993.88641353546
13,8,2011/11/25,36542.77,1282.42,548.1,109030.75,146.33,3557.67,1,5,35791.812,33767.61348880829,38676.03094478546
13,8,2011/12/2,35922.52,7945.42,56.0,25126.9,5550.87,31844.2,0,1,36188.426,34164.22677005829,39072.64422603546
13,8,2011/12/9,39576.63,5924.71,56.0,577.59,1778.83,20371.02,0,1,38937.695,36913.49630130829,41821.91375728546
13,8,2011/12/16,39962.67,3272.56,556.15,959.55,424.43,5933.01,0,1,39610.89,37586.69161380829,42495.10906978546
13,8,2011/12/23,51607.23,686.24,193.26,2971.53,239.78,3567.03,0,1,51979.93,49955.73067630829,54864.14813228546
13,8,2011/12/30,33783.88,5970.81,89121.94,406.4,1772.02,3645.0,1,5,33430.52,31406.320520058285,36314.73797603546
13,8,2012/1/6,35371.37,6809.96,37106.52,179.77,1922.55,7481.58,0,1,35159.973,33135.77364505829,38044.19110103546
13,8,2012/1/13,35191.74,3627.07,14887.88,119.93,798.48,4668.82,0,1,35134.22,33110.01973880829,38018.43719478546
13,8,2012/1/20,36266.11,3150.56,6765.52,87.63,1196.17,3136.96,0,1,36052.867,34028.66817630829,38937.08563228546
13,8,2012/1/27,34827.12,3743.0,3744.31,108.46,253.99,3511.82,0,1,34743.332,32719.133020058285,37627.55047603546
13,8,2012/2/3,39080.76,53423.29,5822.12,282.08,57817.56,9654.23,0,1,39148.008,37123.80880130829,42032.22625728546
13,8,2012/2/10,35307.65,9264.48,8292.73,179.72,18849.21,9083.54,1,5,35412.92,33388.72286380829,38297.14031978546
13,8,2012/2/17,37794.39,21621.16,16497.47,25.52,13643.83,14660.97,0,1,37372.277,35348.07833255829,40256.49578853546
13,8,2012/2/24,37277.54,16404.54,12013.87,3.4,2584.12,5126.53,0,1,37295.617,35271.41817630829,40179.83563228546
13,8,2012/3/2,40418.34,25204.67,2436.75,167.88,16066.76,7289.69,0,1,40358.273,38334.07442630829,43242.49188228546
13,8,2012/3/9,37634.2,9173.97,339.05,9.44,1300.75,7479.12,0,1,36916.69,34892.49239505829,39800.90985103546
13,8,2012/3/16,34510.62,8901.34,637.7,3.85,6169.81,2446.53,0,1,35428.7,33404.50020755829,38312.91766353546
13,8,2012/3/23,34704.09,3489.61,75.36,2.52,827.19,3427.9,0,1,34854.492,32830.29317630829,37738.71063228546
13,8,2012/3/30,35231.66,10556.61,43.54,15.84,1116.83,8179.03,0,1,35277.07,33252.87130130829,38161.28875728546
13,8,2012/4/6,39599.77,9249.62,-1.0,59.94,3969.24,6016.86,0,1,39528.71,37504.51192630829,42412.92938228546
13,8,2012/4/13,35988.62,7419.44,19610.52,54.65,3021.51,3374.9,0,1,35559.117,33534.91817630829,38443.33563228546
13,8,2012/4/20,35568.23,22464.84,8216.22,70.45,1561.38,7307.24,0,1,36054.117,34029.91817630829,38938.33563228546
13,8,2012/4/27,33271.86,4626.7,0.11,67.16,104.18,3280.73,0,1,33603.79,31579.590051308285,36488.00750728546
19,8,2010/2/5,48449.43,-1.0,-1.0,-1.0,-1.0,-1.0,0,1,47358.78,44147.33387789795,50103.96439684163
19,8,2010/2/12,45921.29,-1.0,-1.0,-1.0,-1.0,-1.0,1,5,44798.258,41586.81044039795,47543.44095934163
19,8,2010/2/19,44518.49,-1.0,-1.0,-1.0,-1.0,-1.0,0,1,45508.15,42296.70106539795,48253.33158434163
19,8,2010/2/26,44208.58,-1.0,-1.0,-1.0,-1.0,-1.0,0,1,43173.055,39961.60731539795,45918.23783434163
19,8,2010/3/5,47326.71,-1.0,-1.0,-1.0,-1.0,-1.0,0,1,48527.383,45315.93544039795,51272.56595934163
19,8,2010/3/12,44584.38,-1.0,-1.0,-1.0,-1.0,-1.0,0,1,44588.305,41376.85731539795,47333.48783434163
19,8,2010/3/19,44366.92,-1.0,-1.0,-1.0,-1.0,-1.0,0,1,43831.57,40620.12294039795,46576.75345934163
19,8,2010/3/26,42435.9,-1.0,-1.0,-1.0,-1.0,-1.0,0,1,42293.24,39081.79090914795,45038.42142809163
19,8,2010/4/2,47609.13,-1.0,-1.0,-1.0,-1.0,-1.0,0,1,45305.156,42093.70887789795,48050.33939684163
19,8,2010/4/9,43384.57,-1.0,-1.0,-1.0,-1.0,-1.0,0,1,44796.93,41585.48231539795,47542.11283434163
19,8,2010/4/16,46835.91,-1.0,-1.0,-1.0,-1.0,-1.0,0,1,46468.39,43256.94325289795,49213.57377184163
19,8,2010/4/23,46598.72,-1.0,-1.0,-1.0,-1.0,-1.0,0,1,44496.742,41285.29481539795,47241.92533434163
19,8,2010/4/30,42998.9,-1.0,-1.0,-1.0,-1.0,-1.0,0,1,43155.5,39944.05262789795,45900.68314684163
19,8,2010/5/7,45240.27,-1.0,-1.0,-1.0,-1.0,-1.0,0,1,44906.363,41694.91590914795,47651.54642809163
19,8,2010/5/14,43651.22,-1.0,-1.0,-1.0,-1.0,-1.0,0,1,43374.695,40163.24794039795,46119.87845934163
19,8,2010/5/21,43227.75,-1.0,-1.0,-1.0,-1.0,-1.0,0,1,43120.246,39908.79872164795,45865.42924059163
19,8,2010/5/28,43340.59,-1.0,-1.0,-1.0,-1.0,-1.0,0,1,43571.742,40360.29481539795,46316.92533434163
19,8,2010/6/4,41241.41,-1.0,-1.0,-1.0,-1.0,-1.0,0,1,43166.67,39955.22450289795,45911.85502184163
19,8,2010/6/11,41627.74,-1.0,-1.0,-1.0,-1.0,-1.0,0,1,42762.39,39550.94325289795,45507.57377184163
19,8,2010/6/18,43108.17,-1.0,-1.0,-1.0,-1.0,-1.0,0,1,42924.652,39713.20497164795,45669.83549059163
19,8,2010/6/25,41388.63,-1.0,-1.0,-1.0,-1.0,-1.0,0,1,42319.13,39107.68153414795,45064.31205309163
19,8,2010/7/2,46122.8,-1.0,-1.0,-1.0,-1.0,-1.0,0,1,44008.336,40796.88856539795,46753.51908434163
19,8,2010/7/9,40923.4,-1.0,-1.0,-1.0,-1.0,-1.0,0,1,42451.07,39239.62294039795,45196.25345934163
19,8,2010/7/16,42387.86,-1.0,-1.0,-1.0,-1.0,-1.0,0,1,43173.297,39961.84950289795,45918.48002184163
19,8,2010/7/23,42282.81,-1.0,-1.0,-1.0,-1.0,-1.0,0,1,41969.54,38758.09169039795,44714.72220934163
19,8,2010/7/30,43181.14,-1.0,-1.0,-1.0,-1.0,-1.0,0,1,42518.633,39307.18544039795,45263.81595934163
19,8,2010/8/6,43497.64,-1.0,-1.0,-1.0,-1.0,-1.0,0,1,43481.68,40270.23231539795,46226.86283434163
19,8,2010/8/13,41894.46,-1.0,-1.0,-1.0,-1.0,-1.0,0,1,41401.72,38190.27137789795,44146.90189684163
19,8,2010/8/20,40159.04,-1.0,-1.0,-1.0,-1.0,-1.0,0,1,42183.508,38972.06044039795,44928.69095934163
19,8,2010/8/27,40638.26,-1.0,-1.0,-1.0,-1.0,-1.0,0,1,41810.24,38598.79090914795,44555.42142809163
19,8,2010/9/3,41625.93,-1.0,-1.0,-1.0,-1.0,-1.0,0,1,42251.465,39040.01747164795,44996.64799059163
19,8,2010/9/10,44531.89,-1.0,-1.0,-1.0,-1.0,-1.0,1,5,43942.61,40731.16200289795,46687.79252184163
19,8,2010/9/17,44032.01,-1.0,-1.0,-1.0,-1.0,-1.0,0,1,42889.83,39678.38075289795,45635.01127184163
19,8,2010/9/24,41540.93,-1.0,-1.0,-1.0,-1.0,-1.0,0,1,43368.43,40156.98231539795,46113.61283434163
19,8,2010/10/1,43071.81,-1.0,-1.0,-1.0,-1.0,-1.0,0,1,43202.375,39990.92762789795,45947.55814684163
19,8,2010/10/8,43589.32,-1.0,-1.0,-1.0,-1.0,-1.0,0,1,42887.785,39676.33778414795,45632.96830309163
19,8,2010/10/15,42554.97,-1.0,-1.0,-1.0,-1.0,-1.0,0,1,42094.734,38883.28700289795,44839.91752184163
19,8,2010/10/22,40478.53,-1.0,-1.0,-1.0,-1.0,-1.0,0,1,41894.008,38682.56044039795,44639.19095934163
19,8,2010/10/29,42842.01,-1.0,-1.0,-1.0,-1.0,-1.0,0,1,42982.984,39771.53700289795,45728.16752184163
19,8,2010/11/5,44255.65,-1.0,-1.0,-1.0,-1.0,-1.0,0,1,45255.754,42044.30653414795,48000.93705309163
19,8,2010/11/12,42275.39,-1.0,-1.0,-1.0,-1.0,-1.0,0,1,43782.394,40570.94715914795,46527.57767809163
19,8,2010/11/19,41601.62,-1.0,-1.0,-1.0,-1.0,-1.0,0,1,43695.047,40483.59950289795,46440.23002184163
19,8,2010/11/26,41233.41,-1.0,-1.0,-1.0,-1.0,-1.0,1,5,43431.74,40220.29090914795,46176.92142809163
19,8,2010/12/3,42372.3,-1.0,-1.0,-1.0,-1.0,-1.0,0,1,42730.46,39519.01356539795,45475.64408434163
19,8,2010/12/10,48503.44,-1.0,-1.0,-1.0,-1.0,-1.0,0,1,47266.746,44055.29872164795,50011.92924059163
19,8,2010/12/17,48995.82,-1.0,-1.0,-1.0,-1.0,-1.0,0,1,46952.32,43740.87294039795,49697.50345934163
19,8,2010/12/24,62278.75,-1.0,-1.0,-1.0,-1.0,-1.0,0,1,55879.82,52668.37294039795,58625.00345934163
19,8,2010/12/31,38026.43,-1.0,-1.0,-1.0,-1.0,-1.0,1,5,38623.344,35411.89637789795,41368.52689684163
19,8,2011/1/7,38257.45,-1.0,-1.0,-1.0,-1.0,-1.0,0,1,38801.223,35589.77528414795,41546.40580309163
19,8,2011/1/14,39152.74,-1.0,-1.0,-1.0,-1.0,-1.0,0,1,40517.055,37305.60731539795,43262.23783434163
19,8,2011/1/21,39204.22,-1.0,-1.0,-1.0,-1.0,-1.0,0,1,40718.46,37507.01356539795,43463.64408434163
19,8,2011/1/28,41259.63,-1.0,-1.0,-1.0,-1.0,-1.0,0,1,39554.383,36342.93544039795,42299.56595934163
19,8,2011/2/4,41865.33,-1.0,-1.0,-1.0,-1.0,-1.0,0,1,43339.83,40128.38075289795,46085.01127184163
19,8,2011/2/11,42786.08,-1.0,-1.0,-1.0,-1.0,-1.0,1,5,42693.1,39481.65419039795,45438.28470934163
19,8,2011/2/18,41912.32,-1.0,-1.0,-1.0,-1.0,-1.0,0,1,42198.32,38986.87294039795,44943.50345934163
19,8,2011/2/25,38032.85,-1.0,-1.0,-1.0,-1.0,-1.0,0,1,40822.75,37611.30262789795,43567.93314684163
19,8,2011/3/4,45049.11,-1.0,-1.0,-1.0,-1.0,-1.0,0,1,43702.61,40491.16200289795,46447.79252184163
19,8,2011/3/11,41517.16,-1.0,-1.0,-1.0,-1.0,-1.0,0,1,42011.633,38800.18544039795,44756.81595934163
19,8,2011/3/18,40852.74,-1.0,-1.0,-1.0,-1.0,-1.0,0,1,41185.336,37973.88856539795,43930.51908434163
19,8,2011/3/25,40983.6,-1.0,-1.0,-1.0,-1.0,-1.0,0,1,41382.13,38170.68153414795,44127.31205309163
19,8,2011/4/1,43407.05,-1.0,-1.0,-1.0,-1.0,-1.0,0,1,43548.273,40336.82606539795,46293.45658434163
19,8,2011/4/8,41232.32,-1.0,-1.0,-1.0,-1.0,-1.0,0,1,41849.437,38637.99012789795,44594.62064684163
19,8,2011/4/15,39767.22,-1.0,-1.0,-1.0,-1.0,-1.0,0,1,41334.934,38123.48622164795,44080.11674059163
19,8,2011/4/22,43053.98,-1.0,-1.0,-1.0,-1.0,-1.0,0,1,42796.71,39585.26356539795,45541.89408434163
19,8,2011/4/29,37202.53,-1.0,-1.0,-1.0,-1.0,-1.0,0,1,39145.47,35934.02137789795,41890.65189684163
19,8,2011/5/6,43059.49,-1.0,-1.0,-1.0,-1.0,-1.0,0,1,43147.72,39936.27137789795,45892.90189684163
19,8,2011/5/13,38660.17,-1.0,-1.0,-1.0,-1.0,-1.0,0,1,39433.453,36222.00575289795,42178.63627184163
19,8,2011/5/20,41148.77,-1.0,-1.0,-1.0,-1.0,-1.0,0,1,41817.03,38605.58387789795,44562.21439684163
19,8,2011/5/27,43042.47,-1.0,-1.0,-1.0,-1.0,-1.0,0,1,41227.11,38015.66200289795,43972.29252184163
19,8,2011/6/3,40999.2,-1.0,-1.0,-1.0,-1.0,-1.0,0,1,42230.492,39019.04481539795,44975.67533434163
19,8,2011/6/10,42140.08,-1.0,-1.0,-1.0,-1.0,-1.0,0,1,41333.004,38121.55653414795,44078.18705309163
19,8,2011/6/17,40628.54,-1.0,-1.0,-1.0,-1.0,-1.0,0,1,41385.65,38174.20106539795,44130.83158434163
19,8,2011/6/24,43510.33,-1.0,-1.0,-1.0,-1.0,-1.0,0,1,42503.445,39291.99794039795,45248.62845934163
19,8,2011/7/1,43067.57,-1.0,-1.0,-1.0,-1.0,-1.0,0,1,42369.86,39158.41200289795,45115.04252184163
19,8,2011/7/8,39899.9,-1.0,-1.0,-1.0,-1.0,-1.0,0,1,40245.684,37034.23622164795,42990.86674059163
19,8,2011/7/15,41355.81,-1.0,-1.0,-1.0,-1.0,-1.0,0,1,40580.92,37369.47450289795,43326.10502184163
19,8,2011/7/22,41488.53,-1.0,-1.0,-1.0,-1.0,-1.0,0,1,41347.742,38136.29481539795,44092.92533434163
19,8,2011/7/29,39032.01,-1.0,-1.0,-1.0,-1.0,-1.0,0,1,39865.72,36654.27137789795,42610.90189684163
19,8,2011/8/5,43708.16,-1.0,-1.0,-1.0,-1.0,-1.0,0,1,42623.555,39412.10731539795,45368.73783434163
19,8,2011/8/12,39387.39,-1.0,-1.0,-1.0,-1.0,-1.0,0,1,40384.742,37173.29481539795,43129.92533434163
19,8,2011/8/19,41515.06,-1.0,-1.0,-1.0,-1.0,-1.0,0,1,41426.09,38214.64247164795,44171.27299059163
19,8,2011/8/26,41202.05,-1.0,-1.0,-1.0,-1.0,-1.0,0,1,40528.07,37316.62294039795,43273.25345934163
19,8,2011/9/2,41445.36,-1.0,-1.0,-1.0,-1.0,-1.0,0,1,42176.187,38964.74012789795,44921.37064684163
19,8,2011/9/9,42516.93,-1.0,-1.0,-1.0,-1.0,-1.0,1,5,42162.68,38951.23231539795,44907.86283434163
19,8,2011/9/16,40502.29,-1.0,-1.0,-1.0,-1.0,-1.0,0,1,40933.016,37721.56825289795,43678.19877184163
19,8,2011/9/23,40142.68,-1.0,-1.0,-1.0,-1.0,-1.0,0,1,41054.406,37842.95887789795,43799.58939684163
19,8,2011/9/30,39715.06,-1.0,-1.0,-1.0,-1.0,-1.0,0,1,40251.1,37039.65419039795,42996.28470934163
19,8,2011/10/7,41686.43,-1.0,-1.0,-1.0,-1.0,-1.0,0,1,43356.723,40145.27528414795,46101.90580309163
19,8,2011/10/14,40581.82,-1.0,-1.0,-1.0,-1.0,-1.0,0,1,42093.937,38882.49012789795,44839.12064684163
19,8,2011/10/21,42480.55,-1.0,-1.0,-1.0,-1.0,-1.0,0,1,41801.31,38589.86122164795,44546.49174059163
19,8,2011/10/28,41552.23,-1.0,-1.0,-1.0,-1.0,-1.0,0,1,41058.516,37847.06825289795,43803.69877184163
19,8,2011/11/4,43076.47,-1.0,-1.0,-1.0,-1.0,-1.0,0,1,44009.85,40798.40419039795,46755.03470934163
19,8,2011/11/11,44921.98,27064.58,16590.75,502.96,8568.62,6349.89,0,1,44990.92,41779.47450289795,47736.10502184163
19,8,2011/11/18,41137.73,10100.14,1785.29,92.36,978.96,7776.94,0,1,41446.17,38234.72450289795,44191.35502184163
19,8,2011/11/25,39432.59,1328.35,1436.52,88805.58,23.79,1869.98,1,5,41744.1,38532.65419039795,44489.28470934163
19,8,2011/12/2,42347.78,7197.6,239.76,9191.67,4716.48,28279.83,0,1,42434.492,39223.04481539795,45179.67533434163
19,8,2011/12/9,45082.62,7210.8,9.5,481.91,4650.7,11954.56,0,1,45256.574,42045.12684664795,48001.75736559163
19,8,2011/12/16,48498.94,5307.81,292.4,825.0,489.96,4799.18,0,1,47582.742,44371.29481539795,50327.92533434163
19,8,2011/12/23,56060.18,3124.45,475.86,1902.55,145.88,3248.83,0,1,55914.508,52703.06044039795,58659.69095934163
19,8,2011/12/30,38795.55,6234.22,50438.17,210.34,1457.96,2373.94,1,5,39930.336,36718.88856539795,42675.51908434163
19,8,2012/1/6,39672.02,9970.68,26073.98,233.88,1552.93,10335.05,0,1,41066.52,37855.07215914795,43811.70267809163
19,8,2012/1/13,37443.74,3504.09,11505.42,291.37,1698.88,5451.32,0,1,39089.844,35878.39637789795,41835.02689684163
19,8,2012/1/20,41395.81,5571.99,5702.57,225.06,1122.08,2863.93,0,1,40899.2,37687.75184664795,43644.38236559163
19,8,2012/1/27,39258.31,3112.37,4031.78,289.74,20.97,2353.81,0,1,39665.766,36454.31825289795,42410.94877184163
19,8,2012/2/3,43701.39,51879.66,6433.83,394.18,52739.02,6473.61,0,1,43748.477,40537.02919039795,46493.65970934163
19,8,2012/2/10,43906.54,12739.73,8415.91,279.21,16150.68,7888.04,1,5,43186.844,39975.39637789795,45932.02689684163
19,8,2012/2/17,39527.04,14910.8,14860.19,82.94,11200.69,7571.06,0,1,40521.375,37309.92762789795,43266.55814684163
19,8,2012/2/24,43187.11,13926.46,11835.35,2.8,4929.34,6287.18,0,1,42231.797,39020.34950289795,44976.98002184163
19,8,2012/3/2,44149.83,28177.29,3485.95,22.78,31324.8,2851.55,0,1,44389.684,41178.23622164795,47134.86674059163
19,8,2012/3/9,42820.48,6724.01,745.75,2.68,1532.63,3952.89,0,1,42462.79,39251.34169039795,45207.97220934163
19,8,2012/3/16,41753.14,8353.56,84.57,3.04,3175.2,2613.7,0,1,41459.453,38248.00575289795,44204.63627184163
19,8,2012/3/23,39626.45,6048.55,170.78,1.02,986.74,2684.83,0,1,40523.664,37312.21669039795,43268.84720934163
19,8,2012/3/30,41954.45,9356.36,134.4,6.75,2056.18,3420.94,0,1,41729.016,38517.56825289795,44474.19877184163
19,8,2012/4/6,47637.51,9337.26,-1.0,52.59,2949.23,5996.69,0,1,46841.203,43629.75575289795,49586.38627184163
19,8,2012/4/13,39786.89,5254.86,12590.76,22.55,1818.94,3264.93,0,1,40150.84,36939.39247164795,42896.02299059163
19,8,2012/4/20,40512.24,6304.48,5712.68,34.16,1321.97,3751.92,0,1,41198.79,37987.34169039795,43943.97220934163
19,8,2012/4/27,42555.58,3735.3,-265.76,52.82,67.72,2959.27,0,1,42048.055,38836.60731539795,44793.23783434163
31,13,2010/2/5,45228.96,-1.0,-1.0,-1.0,-1.0,-1.0,0,1,45472.418,43504.33515118767,48553.10305844775
31,13,2010/2/12,44611.81,-1.0,-1.0,-1.0,-1.0,-1.0,1,5,43111.0,41142.91718243767,46191.68508969775
31,13,2010/2/19,43438.72,-1.0,-1.0,-1.0,-1.0,-1.0,0,1,44103.918,42135.83515118767,47184.60305844775
31,13,2010/2/26,42684.62,-1.0,-1.0,-1.0,-1.0,-1.0,0,1,42050.195,40082.11249493767,45130.88040219775
31,13,2010/3/5,43321.34,-1.0,-1.0,-1.0,-1.0,-1.0,0,1,43309.68,41341.59686993767,46390.36477719775
31,13,2010/3/12,42558.84,-1.0,-1.0,-1.0,-1.0,-1.0,0,1,42382.875,40414.79218243767,45463.56008969775
31,13,2010/3/19,40104.38,-1.0,-1.0,-1.0,-1.0,-1.0,0,1,41440.957,39472.87421368767,44521.64212094775
31,13,2010/3/26,38282.57,-1.0,-1.0,-1.0,-1.0,-1.0,0,1,39413.88,37445.79608868767,42494.56399594775
31,13,2010/4/2,39514.74,-1.0,-1.0,-1.0,-1.0,-1.0,0,1,42279.465,40311.38202618767,45360.14993344775
31,13,2010/4/9,42348.88,-1.0,-1.0,-1.0,-1.0,-1.0,0,1,41905.203,39937.12030743767,44985.88821469775
31,13,2010/4/16,42424.85,-1.0,-1.0,-1.0,-1.0,-1.0,0,1,41326.516,39358.43280743767,44407.20071469775
31,13,2010/4/23,42995.63,-1.0,-1.0,-1.0,-1.0,-1.0,0,1,42540.57,40572.48749493767,45621.25540219775
31,13,2010/4/30,40150.94,-1.0,-1.0,-1.0,-1.0,-1.0,0,1,40696.797,38728.71405743767,43777.48196469775
31,13,2010/5/7,41429.68,-1.0,-1.0,-1.0,-1.0,-1.0,0,1,41224.297,39256.21405743767,44304.98196469775
31,13,2010/5/14,38006.63,-1.0,-1.0,-1.0,-1.0,-1.0,0,1,38444.95,36476.86640118767,41525.63430844775
31,13,2010/5/21,43530.24,-1.0,-1.0,-1.0,-1.0,-1.0,0,1,42226.992,40258.90936993767,45307.67727719775
31,13,2010/5/28,40410.68,-1.0,-1.0,-1.0,-1.0,-1.0,0,1,40606.855,38638.77265118767,43687.54055844775
31,13,2010/6/4,41409.84,-1.0,-1.0,-1.0,-1.0,-1.0,0,1,42006.312,40038.22968243767,45086.99758969775
31,13,2010/6/11,40109.52,-1.0,-1.0,-1.0,-1.0,-1.0,0,1,40232.516,38264.43280743767,43313.20071469775
31,13,2010/6/18,40461.94,-1.0,-1.0,-1.0,-1.0,-1.0,0,1,40581.54,38613.45624493767,43662.22415219775
31,13,2010/6/25,39112.49,-1.0,-1.0,-1.0,-1.0,-1.0,0,1,40040.0,38071.91718243767,43120.68508969775
31,13,2010/7/2,42078.69,-1.0,-1.0,-1.0,-1.0,-1.0,0,1,41988.22,40020.13593243767,45068.90383969775
31,13,2010/7/9,39016.89,-1.0,-1.0,-1.0,-1.0,-1.0,0,1,40233.14,38265.05780743767,43313.82571469775
31,13,2010/7/16,40492.78,-1.0,-1.0,-1.0,-1.0,-1.0,0,1,40374.22,38406.13593243767,43454.90383969775
31,13,2010/7/23,39840.33,-1.0,-1.0,-1.0,-1.0,-1.0,0,1,40533.258,38565.17499493767,43613.94290219775
31,13,2010/7/30,38870.83,-1.0,-1.0,-1.0,-1.0,-1.0,0,1,39580.133,37612.04999493767,42660.81790219775
31,13,2010/8/6,40614.49,-1.0,-1.0,-1.0,-1.0,-1.0,0,1,41711.58,39743.49530743767,44792.26321469775
31,13,2010/8/13,41436.05,-1.0,-1.0,-1.0,-1.0,-1.0,0,1,41287.668,39319.58515118767,44368.35305844775
31,13,2010/8/20,43011.76,-1.0,-1.0,-1.0,-1.0,-1.0,0,1,42371.367,40403.28436993767,45452.05227719775
31,13,2010/8/27,42245.95,-1.0,-1.0,-1.0,-1.0,-1.0,0,1,41608.336,39640.25311993767,44689.02102719775
31,13,2010/9/3,42940.63,-1.0,-1.0,-1.0,-1.0,-1.0,0,1,42594.33,40626.24530743767,45675.01321469775
31,13,2010/9/10,43992.55,-1.0,-1.0,-1.0,-1.0,-1.0,1,5,42111.18,40143.09686993767,45191.86477719775
31,13,2010/9/17,39863.64,-1.0,-1.0,-1.0,-1.0,-1.0,0,1,40492.47,38524.38593243767,43573.15383969775
31,13,2010/9/24,39873.99,-1.0,-1.0,-1.0,-1.0,-1.0,0,1,40518.54,38550.45624493767,43599.22415219775
31,13,2010/10/1,41765.66,-1.0,-1.0,-1.0,-1.0,-1.0,0,1,41312.156,39344.07343243767,44392.84133969775
31,13,2010/10/8,41481.32,-1.0,-1.0,-1.0,-1.0,-1.0,0,1,41768.87,39800.78827618767,44849.55618344775
31,13,2010/10/15,39237.58,-1.0,-1.0,-1.0,-1.0,-1.0,0,1,40881.766,38913.68280743767,43962.45071469775
31,13,2010/10/22,42152.05,-1.0,-1.0,-1.0,-1.0,-1.0,0,1,41509.63,39541.54608868767,44590.31399594775
31,13,2010/10/29,39894.74,-1.0,-1.0,-1.0,-1.0,-1.0,0,1,40457.383,38489.29999493767,43538.06790219775
31,13,2010/11/5,43181.49,-1.0,-1.0,-1.0,-1.0,-1.0,0,1,42777.453,40809.37030743767,45858.13821469775
31,13,2010/11/12,42721.95,-1.0,-1.0,-1.0,-1.0,-1.0,0,1,41217.8,39249.71796368767,44298.48587094775
31,13,2010/11/19,42729.38,-1.0,-1.0,-1.0,-1.0,-1.0,0,1,42587.035,40618.95233868767,45667.72024594775
31,13,2010/11/26,43740.81,-1.0,-1.0,-1.0,-1.0,-1.0,1,5,43381.6,41413.51874493767,46462.28665219775
31,13,2010/12/3,39531.81,-1.0,-1.0,-1.0,-1.0,-1.0,0,1,41692.0,39723.91718243767,44772.68508969775
31,13,2010/12/10,38822.26,-1.0,-1.0,-1.0,-1.0,-1.0,0,1,39963.67,37995.58905743767,43044.35696469775
31,13,2010/12/17,39690.3,-1.0,-1.0,-1.0,-1.0,-1.0,0,1,41156.144,39188.06171368767,44236.82962094775
31,13,2010/12/24,42187.5,-1.0,-1.0,-1.0,-1.0,-1.0,0,1,42596.598,40628.51483868767,45677.28274594775
31,13,2010/12/31,37748.22,-1.0,-1.0,-1.0,-1.0,-1.0,1,5,39485.15,37517.06561993767,42565.83352719775
31,13,2011/1/7,40822.89,-1.0,-1.0,-1.0,-1.0,-1.0,0,1,41087.15,39119.06561993767,44167.83352719775
31,13,2011/1/14,40024.06,-1.0,-1.0,-1.0,-1.0,-1.0,0,1,40219.734,38251.65155743767,43300.41946469775
31,13,2011/1/21,44041.21,-1.0,-1.0,-1.0,-1.0,-1.0,0,1,43066.383,41098.29999493767,46147.06790219775
31,13,2011/1/28,39662.73,-1.0,-1.0,-1.0,-1.0,-1.0,0,1,39936.156,37968.07343243767,43016.84133969775
31,13,2011/2/4,40132.28,-1.0,-1.0,-1.0,-1.0,-1.0,0,1,41184.28,39216.19843243767,44264.96633969775
31,13,2011/2/11,43520.96,-1.0,-1.0,-1.0,-1.0,-1.0,1,5,43362.812,41394.72968243767,46443.49758969775
31,13,2011/2/18,45463.58,-1.0,-1.0,-1.0,-1.0,-1.0,0,1,44978.492,43010.40936993767,48059.17727719775
31,13,2011/2/25,46859.25,-1.0,-1.0,-1.0,-1.0,-1.0,0,1,45428.965,43460.88202618767,48509.64993344775
31,13,2011/3/4,45217.71,-1.0,-1.0,-1.0,-1.0,-1.0,0,1,44138.53,42170.44843243767,47219.21633969775
31,13,2011/3/11,42649.81,-1.0,-1.0,-1.0,-1.0,-1.0,0,1,43955.086,41987.00311993767,47035.77102719775
31,13,2011/3/18,44765.94,-1.0,-1.0,-1.0,-1.0,-1.0,0,1,43778.742,41810.65936993767,46859.42727719775
31,13,2011/3/25,42168.15,-1.0,-1.0,-1.0,-1.0,-1.0,0,1,42327.18,40359.09686993767,45407.86477719775
31,13,2011/4/1,40502.98,-1.0,-1.0,-1.0,-1.0,-1.0,0,1,41004.168,39036.08515118767,44084.85305844775
31,13,2011/4/8,41745.39,-1.0,-1.0,-1.0,-1.0,-1.0,0,1,42366.633,40398.54999493767,45447.31790219775
31,13,2011/4/15,41948.77,-1.0,-1.0,-1.0,-1.0,-1.0,0,1,41714.03,39745.94843243767,44794.71633969775
31,13,2011/4/22,43384.1,-1.0,-1.0,-1.0,-1.0,-1.0,0,1,43394.348,41426.26483868767,46475.03274594775
31,13,2011/4/29,39359.5,-1.0,-1.0,-1.0,-1.0,-1.0,0,1,39752.71,37784.62811993767,42833.39602719775
31,13,2011/5/6,40665.49,-1.0,-1.0,-1.0,-1.0,-1.0,0,1,41825.37,39857.28827618767,44906.05618344775
31,13,2011/5/13,39394.43,-1.0,-1.0,-1.0,-1.0,-1.0,0,1,40055.336,38087.25311993767,43136.02102719775
31,13,2011/5/20,42433.11,-1.0,-1.0,-1.0,-1.0,-1.0,0,1,42957.21,40989.12811993767,46037.89602719775
31,13,2011/5/27,41914.57,-1.0,-1.0,-1.0,-1.0,-1.0,0,1,41962.508,39994.42499493767,45043.19290219775
31,13,2011/6/3,41433.22,-1.0,-1.0,-1.0,-1.0,-1.0,0,1,41783.363,39815.28046368767,44864.04837094775
31,13,2011/6/10,40517.86,-1.0,-1.0,-1.0,-1.0,-1.0,0,1,41377.36,39409.27655743767,44458.04446469775
31,13,2011/6/17,42160.17,-1.0,-1.0,-1.0,-1.0,-1.0,0,1,42018.11,40050.02655743767,45098.79446469775
31,13,2011/6/24,41494.14,-1.0,-1.0,-1.0,-1.0,-1.0,0,1,41841.684,39873.60077618767,44922.36868344775
31,13,2011/7/1,40896.04,-1.0,-1.0,-1.0,-1.0,-1.0,0,1,41364.273,39396.19061993767,44444.95852719775
31,13,2011/7/8,39250.47,-1.0,-1.0,-1.0,-1.0,-1.0,0,1,40517.234,38549.15155743767,43597.91946469775
31,13,2011/7/15,40883.64,-1.0,-1.0,-1.0,-1.0,-1.0,0,1,40946.6,38978.51874493767,44027.28665219775
31,13,2011/7/22,42715.02,-1.0,-1.0,-1.0,-1.0,-1.0,0,1,42278.09,40310.00702618767,45358.77493344775
31,13,2011/7/29,38956.5,-1.0,-1.0,-1.0,-1.0,-1.0,0,1,39319.137,37351.05390118767,42399.82180844775
31,13,2011/8/5,42033.46,-1.0,-1.0,-1.0,-1.0,-1.0,0,1,42830.49,40862.40546368767,45911.17337094775
31,13,2011/8/12,41751.79,-1.0,-1.0,-1.0,-1.0,-1.0,0,1,41801.03,39832.94843243767,44881.71633969775
31,13,2011/8/19,45419.41,-1.0,-1.0,-1.0,-1.0,-1.0,0,1,44218.21,42250.12811993767,47298.89602719775
31,13,2011/8/26,42480.95,-1.0,-1.0,-1.0,-1.0,-1.0,0,1,42110.727,40142.64374493767,45191.41165219775
31,13,2011/9/2,44226.92,-1.0,-1.0,-1.0,-1.0,-1.0,0,1,43911.297,41943.21405743767,46991.98196469775
31,13,2011/9/9,42107.19,-1.0,-1.0,-1.0,-1.0,-1.0,1,5,42633.117,40665.03436993767,45713.80227719775
31,13,2011/9/16,42199.07,-1.0,-1.0,-1.0,-1.0,-1.0,0,1,42769.29,40801.20624493767,45849.97415219775
31,13,2011/9/23,44043.59,-1.0,-1.0,-1.0,-1.0,-1.0,0,1,43048.24,41080.15546368767,46128.92337094775
31,13,2011/9/30,41569.73,-1.0,-1.0,-1.0,-1.0,-1.0,0,1,41009.0,39040.91718243767,44089.68508969775
31,13,2011/10/7,45559.09,-1.0,-1.0,-1.0,-1.0,-1.0,0,1,43651.9,41683.81561993767,46732.58352719775
31,13,2011/10/14,43719.19,-1.0,-1.0,-1.0,-1.0,-1.0,0,1,42538.773,40570.69061993767,45619.45852719775
31,13,2011/10/21,44647.83,-1.0,-1.0,-1.0,-1.0,-1.0,0,1,44411.0,42442.91718243767,47491.68508969775
31,13,2011/10/28,41332.47,-1.0,-1.0,-1.0,-1.0,-1.0,0,1,41762.887,39794.80390118767,44843.57180844775
31,13,2011/11/4,43234.46,-1.0,-1.0,-1.0,-1.0,-1.0,0,1,43338.258,41370.17499493767,46418.94290219775
31,13,2011/11/11,45702.09,25879.08,8716.86,163.33,3983.24,7898.07,0,1,45339.566,43371.48358868767,48420.25149594775
31,13,2011/11/18,46325.73,6756.03,591.76,71.38,462.18,12533.58,0,1,45019.85,43051.76874493767,48100.53665219775
31,13,2011/11/25,47252.42,403.7,92.35,40307.29,95.5,492.36,1,5,46487.844,44519.76093243767,49568.52883969775
31,13,2011/12/2,42838.37,5425.3,96.94,1100.35,2779.95,24475.38,0,1,42672.617,40704.53436993767,45753.30227719775
31,13,2011/12/9,41530.29,2876.83,11.87,471.16,1915.49,11604.37,0,1,42399.437,40431.35468243767,45480.12258969775
31,13,2011/12/16,43998.55,1263.97,47.0,477.99,566.44,5199.2,0,1,43955.812,41987.72968243767,47036.49758969775
31,13,2011/12/23,46385.07,2240.27,18.26,974.28,86.0,6207.39,0,1,46519.918,44551.83515118767,49600.60305844775
31,13,2011/12/30,39469.65,6123.19,24716.69,114.74,845.42,3413.9,1,5,39591.28,37623.19843243767,42671.96633969775
31,13,2012/1/6,44118.01,6105.78,25953.41,91.69,1254.6,6256.02,0,1,44070.906,42102.82343243767,47151.59133969775
31,13,2012/1/13,43539.82,4371.53,14136.14,54.52,719.85,3942.03,0,1,43404.906,41436.82343243767,46485.59133969775
31,13,2012/1/20,44990.05,3918.1,2626.22,74.41,167.56,3302.94,0,1,45515.133,43547.04999493767,48595.81790219775
31,13,2012/1/27,40779.44,2391.52,1189.61,50.82,313.76,4791.34,0,1,41613.516,39645.43280743767,44694.20071469775
31,13,2012/2/3,44700.15,60394.73,2578.65,128.54,33529.14,7737.46,0,1,44848.3,42880.21796368767,47928.98587094775
31,13,2012/2/10,46266.74,16946.96,3789.56,83.24,11187.79,8316.25,1,5,46499.445,44531.36249493767,49580.13040219775
31,13,2012/2/17,44539.56,13158.2,6689.78,10.34,6529.43,7435.73,0,1,45671.82,43703.73749493767,48752.50540219775
31,13,2012/2/24,45384.04,12329.67,4657.57,5.3,1538.63,5781.58,0,1,45221.617,43253.53436993767,48302.30227719775
31,13,2012/3/2,48558.92,21236.34,1039.56,26.38,11668.85,7948.31,0,1,48192.383,46224.29999493767,51273.06790219775
31,13,2012/3/9,45338.61,6284.13,768.91,2.69,1051.13,8527.38,0,1,46347.88,44379.79608868767,49428.56399594775
31,13,2012/3/16,45999.76,6738.65,801.74,8.13,2047.38,7905.67,0,1,45521.875,43553.79218243767,48602.56008969775
31,13,2012/3/23,44058.26,4783.0,70.51,2.38,837.58,6900.79,0,1,44164.83,42196.74530743767,47245.51321469775
31,13,2012/3/30,44506.97,9546.49,584.62,-1.0,1334.23,3691.1,0,1,43959.508,41991.42499493767,47040.19290219775
31,13,2012/4/6,45709.61,12625.17,399.0,21.86,3623.01,16629.1,0,1,45549.355,43581.27265118767,48630.04055844775
31,13,2012/4/13,43005.37,6352.11,4720.65,13.89,1482.03,3076.8,0,1,43375.105,41407.02265118767,46455.79055844775
31,13,2012/4/20,47289.81,8373.31,645.86,16.05,311.94,7709.86,0,1,47723.05,45754.96796368767,50803.73587094775
31,13,2012/4/27,42723.81,2973.44,-0.91,10.16,542.5,9196.82,0,1,43406.86,41438.77655743767,46487.54446469775
